,PC1,PC2,PC3,PC4,PC5,PC6,Max angle,Sample
0,13.7636,9.057179,0.54650426,2.4229395,5.3476305,7.1796103,96.0,81
1,14.002046,9.835247,1.4795064,2.870611,5.040916,6.755266,101.0,4
2,2.391491,4.9405813,8.472274,4.1638546,3.5856278,0.4298025,90.0,4
3,13.912158,8.500292,1.6086946,3.1205635,5.456316,7.088325,104.0,4
4,14.147624,5.8931584,1.4563993,2.840295,6.3018026,8.003495,104.0,4
5,13.9590435,8.731668,0.94632363,2.513689,5.3593726,6.9375286,98.0,4
6,13.49053,9.874764,0.77591294,2.821797,4.879654,6.0340967,90.0,4
7,14.082255,9.759511,1.872076,3.0677316,5.073669,6.9904623,118.0,4
8,13.924048,10.644378,0.5872964,2.2449715,4.6334715,5.128137,90.0,4
9,13.441299,10.883279,1.0468968,2.889593,4.506186,5.368905,90.0,4
10,14.329956,8.950912,1.3517047,2.3838968,5.4044695,7.2531157,104.0,4
11,14.121185,9.762332,1.4875668,2.7130527,5.0136395,6.6989336,104.0,4
12,13.768531,10.984015,1.1100137,2.645391,4.550492,5.383324,90.0,4
13,14.583307,7.984479,-0.44021422,1.35421,5.7219977,7.1127796,90.0,4
14,2.054977,5.4475536,8.53296,5.2007613,2.5882618,0.8165303,75.0,5
15,13.969541,10.144763,-0.4601438,1.453289,4.9498262,6.0929418,90.0,5
16,13.423038,10.354738,-0.008331375,2.3194208,4.725006,5.59561,90.0,5
17,14.501499,9.612736,-0.5409685,0.31628942,5.2959313,6.445625,90.0,5
18,14.4497175,8.663104,-0.7214286,0.8394441,5.661983,7.224646,90.0,5
19,14.529582,9.8022,-0.40591654,0.4794018,5.312457,6.1515217,70.0,5
20,14.274493,9.081606,-0.64793974,1.3592352,5.3068533,6.7113767,90.0,5
21,14.080028,9.7715025,0.9096507,2.341113,5.029338,5.9725947,90.0,5
22,15.014578,6.563884,0.029599205,2.0193603,6.4611864,8.655301,90.0,5
23,14.502571,9.648992,-0.45328602,0.4892712,5.3002687,6.19325,67.0,5
24,14.203769,8.5848465,-0.26870444,1.5811453,5.414599,7.022057,98.0,5
25,14.860894,7.0530386,-0.09478745,1.8288813,6.229525,8.223472,90.0,5
26,13.413127,11.012339,1.484562,3.1304529,4.494854,5.37142,90.0,5
27,13.491308,9.834844,0.05904356,2.3424153,4.9802523,6.308027,90.0,5
28,13.381649,10.941287,1.1792688,3.0639951,4.446936,5.499842,90.0,5
29,2.6128302,5.461227,7.7047143,5.122716,1.9465522,0.5206586,71.0,6
30,14.259482,7.8094935,1.2278574,3.0398178,6.2137866,10.251465,119.0,6
31,14.305686,9.745971,-0.63838476,0.81552744,5.1961403,6.553834,90.0,6
32,13.686593,8.158035,0.77610654,2.658269,5.546254,7.370841,104.0,6
33,13.250119,10.368319,0.8376053,3.0003781,4.6811714,5.6996126,90.0,6
34,14.3238,9.772755,-0.37396201,1.1153927,5.1799726,6.3555226,90.0,6
35,14.431746,8.932385,0.41590363,1.1572509,5.680352,7.705539,104.0,6
36,13.876629,7.965236,0.7914597,2.0959437,5.866209,8.236865,104.0,6
37,13.652213,7.9686613,1.0357503,2.8360386,5.562444,6.8181777,90.0,6
38,14.063828,10.184291,0.14774786,1.8655413,4.897094,5.754726,90.0,6
39,13.8324175,8.245406,-0.21259709,1.6810857,5.452465,7.103872,94.0,6
40,14.061489,9.650748,-0.2185082,1.5924065,5.111135,6.216646,90.0,6
41,14.044752,9.756414,1.3676285,2.7596784,5.0679803,6.620027,98.0,6
42,14.050408,8.01579,0.9588323,2.4968789,5.932988,8.425097,104.0,6
43,2.458881,5.1669545,8.070844,4.556969,2.2604969,0.35123464,90.0,6
44,14.557981,7.8240294,0.76537716,2.6005504,6.024365,8.848479,108.0,6
45,13.914973,9.136689,-0.536436,1.2505378,5.5615683,7.5138845,90.0,7
46,13.645367,10.477556,-0.25265038,1.8766172,4.7255683,5.6874485,90.0,7
47,14.179631,9.627191,0.05386554,1.7047154,5.099748,6.017287,90.0,7
48,15.040052,7.189012,0.2706617,2.732507,6.250032,9.228598,98.0,7
49,13.881704,10.100334,0.57376844,2.3880486,4.966648,6.387802,90.0,7
50,13.818112,8.586578,-0.42214254,1.5690534,5.484806,7.129496,90.0,7
51,13.592621,7.2830443,0.3675565,2.3608744,5.775908,7.099604,90.0,7
52,13.723078,8.089314,0.12259071,2.1367729,5.519829,7.0546784,94.0,7
53,13.719789,8.820858,0.72433484,2.6124156,5.336018,7.20322,99.0,7
54,13.501276,9.529283,0.6197727,2.716462,4.9950566,6.1660895,90.0,7
55,14.306478,10.085908,-0.48369113,1.0061741,5.0527024,6.132735,90.0,7
56,14.002759,8.191594,-0.39527008,0.78034836,5.7541804,7.0038695,77.0,7
57,13.759224,8.947793,0.19299722,2.0313222,5.5768957,7.9196014,98.0,7
58,13.573113,9.906544,0.13688616,2.3530626,4.9360785,6.220275,90.0,7
59,14.531916,8.481398,-0.5290773,1.3141183,5.5824223,6.9557514,90.0,7
60,14.409321,9.22146,-0.46224043,0.5828231,5.413273,6.9183917,95.0,7
61,13.816402,9.540818,-0.26125512,1.7067034,5.3067803,7.059874,90.0,8
62,14.069782,8.55642,0.87264276,2.0983577,5.5242286,7.984637,108.0,8
63,14.262925,8.4155245,-0.34832388,2.9695349,6.039945,10.725458,98.0,8
64,13.646382,8.526544,-0.062244155,2.0263414,5.616501,7.3058004,90.0,8
65,13.984628,5.5006237,1.055056,2.2927973,6.5874505,8.17842,100.0,8
66,13.887424,9.894148,-0.5706346,1.3756746,5.190138,6.8865943,90.0,8
67,13.551081,8.363424,0.5172663,2.5992334,5.583357,7.340554,90.0,8
68,13.841893,8.475533,0.32836938,2.14598,5.573802,6.9414206,90.0,8
69,13.819541,6.3741016,0.26279548,1.9662042,6.2389956,7.5682096,90.0,8
70,14.472311,9.364199,0.174734,1.1556642,5.3994265,7.294026,102.0,8
71,14.196455,9.588336,-0.376904,1.1542404,5.2671895,6.6450367,90.0,8
72,13.834011,7.265582,0.305048,1.676188,5.927248,7.0644197,90.0,8
73,13.849427,6.850911,0.2854133,1.4320185,6.219063,7.3713675,90.0,8
74,13.889378,6.8641167,0.65416515,1.6735524,6.1273885,7.059641,90.0,8
75,13.747404,6.0953145,0.44467726,1.839499,6.5437136,8.007979,90.0,8
76,14.318246,10.107342,-0.16391794,1.2761325,5.013278,5.8772016,85.0,8
77,14.06903,7.3455606,0.2204832,0.9238951,6.2023997,7.456251,90.0,9
78,14.405369,6.477891,0.7979019,1.8169491,6.5379558,8.5491495,104.0,9
79,13.342864,10.489333,0.083198175,2.499045,4.6370044,5.591035,90.0,9
80,14.602912,9.841883,-0.6358475,0.370876,5.0962706,6.327315,94.0,9
81,13.948132,6.1452084,0.7000938,1.7787603,6.4358354,7.591006,84.0,9
82,13.939712,8.649135,1.0058059,2.4598732,5.492342,7.741767,105.0,9
83,13.848824,8.793652,-0.42733678,1.2285734,5.8347764,8.103413,90.0,9
84,13.999958,6.513848,1.0059118,2.1174798,6.231316,7.620969,101.0,9
85,14.234533,10.047928,-0.24326399,1.3643904,5.0537777,6.116621,90.0,9
86,14.017171,7.2609277,-0.04515292,1.2295989,6.11671,7.302111,90.0,9
87,13.744025,9.441916,-0.5988163,1.4469507,5.328435,7.213997,90.0,9
88,14.460366,7.2845464,2.17477,2.6046014,6.141065,9.768917,143.0,9
89,14.121887,8.89075,-0.46056348,1.2928704,5.54761,7.1490374,90.0,9
90,13.642091,7.577933,0.1606358,2.0829942,5.844337,7.277194,90.0,9
91,13.707549,7.7438664,-0.26080418,1.4692836,6.0195184,7.8043814,90.0,9
92,13.681371,9.80519,-0.39086568,1.7428993,5.1914735,7.031828,90.0,9
93,13.882131,8.99861,1.0874184,2.7239034,5.271813,7.1487465,104.0,10
94,14.345285,8.930726,-0.22194628,0.69469666,5.521026,7.155991,97.0,10
95,14.13842,8.435795,1.1484646,1.9782201,5.782999,8.824477,114.0,10
96,13.960257,9.610653,-0.6212254,1.1950929,5.309023,7.082311,90.0,10
97,14.274381,7.531731,0.55562675,1.043469,6.104486,7.5327854,98.0,10
98,13.861499,5.689128,0.82447106,2.169095,6.507929,7.9398885,77.0,10
99,13.712692,8.398508,0.95832175,2.8769717,5.5606027,7.603442,102.0,10
100,14.31329,8.3360195,-0.5687473,3.0675974,6.0981574,11.075992,95.0,10
101,13.735017,6.5984235,0.3237656,2.2191994,6.0588584,7.4067707,90.0,10
102,14.60468,9.125362,-0.10154601,0.5015613,5.5610976,7.140721,104.0,10
103,13.800532,9.133783,0.81723595,2.6173284,5.215744,6.764234,96.0,10
104,13.709651,6.771223,0.31266314,1.6475979,6.2619195,7.607723,93.0,10
105,14.103677,7.272204,1.252216,1.9759864,6.069274,7.2778187,97.0,10
106,13.8065195,6.229287,0.84690547,2.2527695,6.552062,8.540203,104.0,10
107,13.945635,6.5176663,0.5245485,2.08923,6.3805532,8.262802,104.0,10
108,13.558496,7.1890244,0.58480555,1.8403956,6.7113943,9.671476,104.0,10
109,14.133839,6.0660386,0.92758006,1.9988061,7.3310614,11.554387,122.0,11
110,13.670729,8.56767,-0.3400967,1.7189275,6.1379905,9.52154,94.0,11
111,13.776464,6.5099864,0.66440505,1.6964674,7.174785,10.338706,111.0,11
112,13.537935,7.6491733,-0.17764908,1.7064763,6.7742033,10.584531,94.0,11
113,13.898798,7.5651584,1.6936786,2.6806662,6.319232,9.81953,118.0,11
114,13.470535,8.012037,0.1676791,1.9554154,6.341648,9.7242365,99.0,11
115,13.530142,8.247255,0.07116379,2.0906444,6.3899074,10.036068,99.0,11
116,13.542554,5.9911137,0.8538915,2.4976223,7.2925296,10.727167,108.0,11
117,13.354566,7.370304,0.18109822,1.9841341,6.5867753,9.3106785,90.0,11
118,14.057331,7.7916102,1.4173781,2.2125025,6.4597583,10.08149,117.0,11
119,13.631064,8.285975,0.11453399,1.680417,6.2528996,9.656798,101.0,11
120,13.911136,7.4123435,0.82652634,2.4243703,6.7223177,11.591936,119.0,11
121,13.427723,7.673777,-0.07143609,1.7620296,6.741488,10.491052,98.0,11
122,14.187811,7.029524,1.8584878,2.8297381,6.387694,10.147845,126.0,11
123,13.636667,7.8461256,0.93124044,2.2453797,6.2685966,9.745365,110.0,12
124,13.228717,7.327979,0.31171784,2.2082458,6.7604375,10.307526,101.0,12
125,13.295098,7.3413944,0.66245455,2.471691,6.5787277,9.63197,102.0,12
126,13.873214,7.3706236,1.6677796,2.3379297,6.559832,10.303628,118.0,12
127,13.781955,6.6208463,0.60011226,1.9359264,7.254697,11.596197,111.0,12
128,13.479904,7.929975,-0.27164188,1.6959361,6.5491695,10.009784,90.0,12
129,13.7519655,7.250331,0.5881459,2.846036,6.806257,11.616076,114.0,12
130,14.253587,7.286935,1.3408897,2.941092,6.4935427,11.167164,131.0,12
131,14.941998,5.6766295,0.06263652,2.325577,7.2831035,10.131578,104.0,12
132,13.258249,6.529698,0.29335868,1.9299852,7.3331933,11.088992,102.0,12
133,13.8243885,6.7513995,0.9478078,2.383461,7.092504,11.561874,117.0,12
134,13.272684,7.015495,0.47490022,2.1182122,7.0089445,10.711906,104.0,12
135,14.043001,7.2749696,1.449171,2.6007762,6.5965242,11.186042,126.0,12
136,13.539847,6.052525,0.156989,1.8673651,7.578844,11.297409,97.0,12
137,13.896954,5.919672,0.8378089,2.7670074,7.278489,11.221905,116.0,12
138,14.736471,7.7173195,-0.25447053,1.2777064,5.9092484,7.431544,90.0,12
139,2.210442,5.3086863,8.07086,4.6432943,2.5967498,0.30331388,96.0,15
140,14.4767065,9.931652,-0.08957032,1.2168648,5.166025,6.1090894,90.0,15
141,2.081364,5.183957,8.525283,4.555829,3.095909,0.49689388,90.0,15
142,14.547816,9.348513,-0.6086386,0.25984517,5.3940625,6.307124,77.0,15
143,14.372182,8.972175,-0.6638392,1.1672966,5.494306,7.010721,90.0,15
144,14.549339,9.258811,-0.62577146,0.37107298,5.457669,6.3455334,75.0,15
145,14.373159,9.209556,-0.7869932,1.0703073,5.342986,6.783496,90.0,15
146,13.90252,10.317179,0.08756367,2.0712543,4.7615027,5.573821,90.0,15
147,15.019834,6.6738634,0.39952314,2.3682358,6.49918,9.07732,118.0,15
148,14.255018,9.566734,-0.3189299,1.4622006,5.1321316,6.0793943,90.0,15
149,14.066669,9.56368,0.93380874,2.443554,5.273062,7.391862,104.0,15
150,14.430575,8.528737,-0.18382691,1.2532531,5.587614,6.7227025,90.0,15
151,14.545444,7.3926883,-0.20502123,1.5617373,6.0040145,7.574643,90.0,15
152,14.669627,8.472529,1.9101405,2.310713,5.680064,7.000488,101.0,15
153,14.538354,9.454001,-0.13725503,0.81099796,5.3673654,7.0498133,99.0,15
154,14.2618885,8.484336,0.10701165,0.84075516,5.937979,7.8662415,99.0,16
155,14.206508,6.213365,1.5408745,2.6035562,6.5014224,9.071786,118.0,16
156,13.746302,6.8889194,0.33618063,1.43418,6.3196344,7.6139755,90.0,16
157,13.7636385,6.118696,0.6272111,2.4079313,6.13281,7.443171,90.0,16
158,13.911852,7.066385,-0.17812419,1.2828197,6.319479,7.8533773,90.0,16
159,14.20718,7.580849,-0.064129375,1.0676132,6.045478,7.1998696,90.0,16
160,14.370844,8.155283,0.08454635,0.74737704,5.8928423,7.1103373,88.0,16
161,14.030774,7.854351,-0.120437525,0.90171504,6.11208,7.5918126,90.0,16
162,14.024491,8.133419,-0.17686604,0.7580445,6.011017,7.6614265,90.0,16
163,13.991705,5.5392747,1.3392283,2.570189,6.391463,8.02847,98.0,16
164,14.028069,8.480846,-0.05357565,1.0032736,5.92281,7.95002,96.0,16
165,14.478339,8.77621,-0.32376137,0.64239514,5.6851416,6.8834825,90.0,16
166,13.980964,8.102945,-0.06793068,1.8021032,5.7902436,7.170548,90.0,16
167,13.682674,7.2335186,-0.14878745,1.7335387,6.0388494,7.5332727,90.0,16
168,13.946728,7.1093736,0.10525191,1.1855863,6.233469,7.417055,90.0,16
169,14.478658,7.0209317,1.759531,1.9554988,6.3891687,8.486133,112.0,16
170,14.061923,5.917741,1.6642395,2.749967,6.4613934,8.495566,112.0,17
171,13.963257,8.389763,0.51479197,1.7693952,5.657862,8.071884,104.0,17
172,13.684819,7.833816,-0.41933128,1.2833985,6.050605,7.956539,90.0,17
173,14.3201685,8.992789,-0.45387796,0.51317495,5.655235,7.304756,90.0,17
174,14.084585,5.9093223,1.6397587,2.5914233,6.604991,8.728417,112.0,17
175,13.688671,7.2900047,0.15275049,1.3858775,6.293304,8.00348,95.0,17
176,13.560714,7.98414,-0.09221225,2.3298094,6.4485993,10.614048,104.0,17
177,14.12099,9.762481,-0.7249324,0.963911,5.1954775,6.7597566,90.0,17
178,13.94639,8.442099,-0.46124578,0.9035865,5.745035,7.4394574,90.0,17
179,14.220992,9.185587,0.8614895,2.137306,5.579238,7.960119,104.0,17
180,14.506918,8.218014,-0.62970597,3.28321,6.0933104,11.237133,90.0,17
181,13.541835,6.8046513,0.18060143,1.6099299,6.43871,8.080673,90.0,17
182,13.773558,8.965069,-0.10390944,1.6652286,5.6944666,8.148063,97.0,17
183,14.195344,7.0036554,1.8129574,2.2417905,6.5858274,10.753203,125.0,17
184,14.171452,7.9883304,-0.78676903,3.0067906,6.4089484,11.614662,92.0,17
185,14.268038,6.5963216,1.9383895,2.506806,6.587043,10.0197935,128.0,17
186,13.581126,6.699192,0.6752398,1.8652328,6.84754,9.5253315,104.0,18
187,13.893514,5.948384,1.2704979,2.5312448,6.639187,8.700853,106.0,18
188,13.66745,10.1627035,0.44268343,2.4924722,4.878327,6.212844,90.0,18
189,13.581594,8.245171,0.03998101,1.6644248,6.14303,9.178235,100.0,18
190,15.297824,5.8791223,0.14214858,2.3643303,6.760212,9.25928,90.0,18
191,14.252022,7.8714523,1.8470132,2.1634905,6.1475186,9.455602,119.0,18
192,13.555698,7.67658,0.23038693,1.70094,6.303692,8.868726,98.0,18
193,14.429236,7.0407934,1.3728902,2.0877159,6.355435,9.085417,116.0,18
194,14.10367,8.045383,1.5048827,2.047395,6.138485,9.591232,115.0,18
195,13.625753,6.877059,0.7500231,2.1845865,6.1078963,7.2842464,90.0,18
196,14.407224,9.878044,-0.19441856,1.2256505,5.2973294,6.5681925,90.0,18
197,14.104498,7.7791657,1.6229587,2.037411,6.03389,9.692564,118.0,18
198,13.97009,8.343106,-0.062448017,1.1919419,5.9782624,7.7385564,90.0,18
199,13.987298,8.400503,0.019109884,1.2283413,5.88224,7.439035,90.0,18
200,13.435463,6.9162273,0.7040756,2.1772153,6.4586377,8.458105,94.0,18
201,13.964187,7.6607184,0.091338605,0.85757405,6.179359,7.7560415,90.0,19
202,13.746194,8.821791,-0.37100035,1.453271,5.920438,8.65088,90.0,19
203,14.195392,8.191493,1.3385879,2.7486384,5.9861116,9.81125,122.0,19
204,14.143521,7.1717744,1.6653649,2.2984679,6.5645275,11.062767,129.0,19
205,13.692904,5.998084,0.6212124,2.0277636,6.646133,8.29297,90.0,19
206,14.212786,6.0956492,1.5084686,2.1692915,6.747471,8.836604,106.0,19
207,13.873636,8.472447,-0.19783728,2.351184,6.1544213,10.32081,104.0,19
208,13.9665985,8.613508,1.0845743,2.57204,5.645756,8.070018,106.0,19
209,14.237638,7.208661,2.043425,2.8004994,6.248083,9.887615,125.0,19
210,13.65831,5.946929,0.48982507,1.9489663,6.783217,8.614262,90.0,19
211,14.569447,8.214979,-0.48916924,3.3731496,6.051544,11.271998,108.0,19
212,13.729716,8.373711,-0.16015133,2.1222227,6.2536883,10.29265,104.0,19
213,13.904676,6.437114,0.47413504,1.9772369,7.108349,9.845164,104.0,19
214,13.752764,6.444217,0.52450144,2.1435442,6.3766837,8.107229,99.0,19
215,14.440771,6.502634,1.8206449,2.653247,6.6208577,10.741348,142.0,19
216,13.2458,6.4967895,0.39152452,2.224626,7.31772,11.319533,106.0,19
217,14.732979,5.641643,0.11916483,2.0656812,7.264758,9.90528,93.0,20
218,14.998642,5.2549567,0.56199807,2.3796022,7.41195,10.743809,129.0,20
219,14.00004,5.48072,0.4585606,2.0601215,7.3867373,9.989344,96.0,20
220,14.45154,5.6755996,-0.12023951,1.8963951,7.7377553,11.493056,108.0,20
221,13.872461,7.238274,1.2138866,2.1371024,6.754528,11.328481,119.0,20
222,14.439021,5.4936914,0.03858166,1.7330506,7.67598,10.774208,102.0,20
223,13.610282,6.6815395,0.23210588,1.4913622,7.233563,10.681928,102.0,20
224,13.960755,5.1821165,0.43032998,2.2583187,7.6658278,10.8616705,108.0,20
225,13.329563,6.266838,0.13132086,1.8789005,7.4858036,11.215419,97.0,20
226,13.524992,6.2914815,0.45482573,1.742114,7.3962383,10.696583,104.0,20
227,14.020552,6.4545503,0.09992572,1.7593242,7.114365,9.743586,98.0,20
228,13.482675,6.876093,0.07983973,1.5681738,7.214989,10.98625,101.0,20
229,13.928625,5.265458,0.364738,2.191242,7.5760474,10.540662,97.0,20
230,14.01107,5.855873,0.57947004,2.214523,7.591924,11.373067,112.0,20
231,14.243733,5.382334,0.7520047,2.431756,7.393682,10.49796,116.0,20
232,13.823453,7.5534315,0.85665286,2.410392,6.6143475,11.4566,116.0,20
233,14.032425,7.187313,1.0727042,2.7319567,6.675647,11.677833,123.0,21
234,13.84615,5.4071617,0.21883465,2.3200986,7.6667395,11.095058,104.0,21
235,13.706392,5.441582,0.2577161,2.0988367,7.7131605,11.020017,101.0,21
236,15.270632,5.6412716,0.03726177,2.22104,7.0844016,9.747681,103.0,21
237,14.420531,5.054457,0.14609529,2.2810564,7.658637,10.868634,107.0,21
238,14.417407,5.531964,0.12727453,2.241353,7.678806,10.984739,108.0,21
239,13.673429,6.3964734,0.765814,2.1598003,7.3255672,11.5902605,114.0,21
240,14.730225,5.3211656,0.13930275,2.2045076,7.718382,11.255531,116.0,21
241,15.221718,5.5415983,0.64310896,2.5874183,7.109862,10.549623,139.0,21
242,13.690102,8.24502,0.11003055,1.7984077,6.429067,10.222577,104.0,21
243,13.2730465,6.9488306,0.1725995,2.4517124,7.108899,11.587811,106.0,21
244,14.204031,5.811868,-0.04828872,1.8415242,7.7215695,11.019768,98.0,21
245,13.977209,6.2239356,0.97513777,2.204667,7.3641353,11.573085,118.0,21
246,14.457878,5.6621184,0.79302573,2.4953036,7.417179,11.500209,122.0,21
247,14.253741,6.0416603,0.09446844,2.428412,7.591967,10.822573,105.0,22
248,13.695253,7.7780275,-0.2888877,2.8373058,6.610616,11.478131,98.0,22
249,13.580681,6.6276245,0.9106197,1.9967172,7.213779,11.205252,112.0,22
250,13.9057045,7.2718306,0.5119702,2.9475777,6.7196355,11.890527,116.0,22
251,15.551894,5.7889504,-0.045786224,2.5468178,6.8625445,9.6960945,102.0,22
252,13.403168,7.362988,0.40719303,2.234046,6.9156346,11.483054,108.0,22
253,14.810022,5.6013618,0.4084967,2.2550116,7.317144,10.156629,116.0,22
254,14.410487,5.6070256,0.20603986,2.0403357,7.732774,11.326459,113.0,22
255,13.54815,5.913527,0.26241547,2.5028708,7.5551176,11.155267,102.0,22
256,13.536197,7.1887193,0.1701528,2.9468918,6.8787217,11.298335,105.0,22
257,14.840361,5.337166,0.17891008,2.06995,7.3738823,10.032989,97.0,22
258,15.961046,5.1621103,-0.18203156,2.0419042,6.592535,10.519853,90.0,22
259,14.66427,5.360549,-0.23618361,1.8554258,7.7580857,10.998445,99.0,22
260,15.054446,5.2689886,0.5179639,2.4586756,7.433066,11.126046,135.0,22
261,15.616965,5.460242,-0.118826136,2.38276,7.114995,9.7717,101.0,22
262,13.598972,8.0020485,-0.16107972,2.6498716,6.475729,10.958648,104.0,22
263,13.606888,7.590401,0.040198077,2.5823445,6.808527,10.979074,104.0,23
264,14.974791,5.570766,0.6908926,2.8126302,7.2295055,11.076041,129.0,23
265,14.207644,7.7312303,-0.41960952,3.3679264,6.4576883,11.590885,104.0,23
266,14.908268,5.2248673,0.35402602,2.3721826,7.404074,10.395479,115.0,23
267,14.5125675,5.5385056,0.06435283,2.1269286,7.761726,11.081429,112.0,23
268,13.76524,7.3664594,0.6585545,2.3474455,6.9334517,11.32563,112.0,23
269,13.938705,6.8209434,0.7955735,3.0680943,6.876963,11.567067,119.0,23
270,14.19427,6.052315,0.21882951,2.5838737,7.3716803,11.900608,114.0,23
271,14.814535,5.9609513,1.0643865,3.0819988,6.966179,11.465705,142.0,23
272,14.834219,5.655819,1.1283017,2.795439,7.185416,11.398648,142.0,23
273,15.00429,5.349055,0.36950284,2.08695,7.59787,10.661911,118.0,23
274,15.194525,5.2043557,-0.0031608474,2.0270567,7.4047356,10.2323885,102.0,23
275,13.663052,7.8124256,0.1406291,2.3115194,6.712191,10.965965,104.0,23
276,13.660214,5.8391104,0.13882385,2.2091315,7.6581836,11.492356,104.0,23
277,15.290879,5.2802873,-0.08237728,2.2576425,7.4167314,10.079957,105.0,23
278,14.104104,7.4084063,0.66200304,3.1180696,6.5783844,11.496503,118.0,23
279,14.649684,5.1843896,0.3035571,2.0373158,7.6537204,10.710332,112.0,24
280,16.192848,5.104391,-0.28794098,1.9327993,6.3019133,10.585192,120.0,24
281,16.075153,5.0578227,-0.21403338,2.0838392,6.564858,10.491152,126.0,24
282,14.928388,5.373349,0.4398649,2.2517855,7.410651,10.44399,119.0,24
283,15.025714,5.8340697,0.95060664,2.9525197,6.996949,11.154451,143.0,24
284,15.552015,5.3303194,-0.08779265,2.196165,7.1974325,9.767297,104.0,24
285,15.575998,5.3451986,-0.027920125,2.278733,7.1716604,9.81887,120.0,24
286,16.120087,5.079592,-0.32461005,2.0235362,6.377676,10.82375,119.0,24
287,13.323474,7.249645,0.21766607,2.324054,6.793374,10.017618,94.0,24
288,15.354391,5.820923,0.13724291,2.4278688,6.906726,9.60518,104.0,24
289,14.8820305,5.7378993,1.0496559,2.650815,7.11544,11.292265,136.0,24
290,14.025771,8.152472,1.0121328,2.332913,6.156358,9.593569,111.0,24
291,14.812198,5.566679,0.36486417,2.794409,7.3893185,11.280287,121.0,24
292,15.34047,5.5772176,0.26064524,2.5741923,7.0878906,10.062682,122.0,24
293,15.528123,5.6851025,0.08235663,2.557861,6.9491034,9.804524,126.0,24
294,14.29065,8.847484,1.6747434,2.5695677,5.5161195,8.365848,123.0,24
295,13.7356,6.233047,0.56784254,2.1755872,6.1973114,7.3754926,90.0,25
296,2.288613,5.2761064,8.025552,4.6399655,2.28163,0.2672308,85.0,25
297,13.932967,8.352554,0.052261434,1.7043483,5.4968,6.7277575,90.0,25
298,14.022731,7.2560215,0.9477854,2.1151643,5.975331,7.788647,105.0,25
299,13.707224,6.9004054,0.7066054,2.2406147,5.973588,7.062304,90.0,25
300,14.114064,10.694696,0.015095124,1.6324008,4.7341137,5.3979754,90.0,25
301,14.778063,8.964471,0.3645787,0.7116852,5.622492,7.0322433,99.0,25
302,14.494024,9.8588,-0.09129702,1.2058771,5.0846167,5.93624,90.0,25
303,14.446808,8.065335,0.7851408,1.1021658,5.9497967,7.7799597,109.0,25
304,14.282949,8.25983,-0.27151132,0.5597456,5.7704563,6.781406,71.0,25
305,15.963994,5.27163,0.013088896,1.9577836,6.0752406,10.348477,104.0,25
306,14.472618,8.954294,-0.37336242,0.6780728,5.4416275,6.5674267,86.0,25
307,13.898037,6.637828,0.066870034,1.5178792,6.317158,7.628753,90.0,25
308,14.757836,6.2431507,1.0234412,2.1384246,6.640798,8.941307,122.0,26
309,14.307724,5.637552,1.9107665,2.8744597,6.4772058,8.679659,122.0,26
310,14.232522,7.997125,-0.17786323,1.3615303,5.9143267,7.1350117,90.0,26
311,13.911431,7.500904,1.250379,2.6860044,5.802158,7.221007,99.0,26
312,13.914901,8.175253,-0.13349454,1.3069303,5.5936337,7.007982,93.0,26
313,14.673706,7.680478,1.3683181,1.3912513,6.0296383,7.393997,99.0,26
314,14.494138,8.974606,-0.31104907,0.49588355,5.5758047,6.943164,90.0,26
315,14.634828,9.748869,-0.56276834,0.29682034,5.2170024,6.371458,90.0,26
316,2.752209,4.9996505,8.244633,4.1812735,2.874286,0.42034617,90.0,26
317,14.093228,7.4043775,1.3632994,2.34746,5.8806467,7.2646823,100.0,26
318,13.455928,10.602652,0.29928556,2.5071304,4.6148796,5.5548663,90.0,26
319,13.885347,5.658011,1.0750718,2.5433943,6.341872,7.838128,99.0,26
320,13.764025,7.989673,0.19248126,1.7789391,5.5481763,7.318175,97.0,26
321,14.22052,7.1398764,-0.2552036,1.4053012,6.131421,7.380398,90.0,26
322,14.3531685,8.663854,-0.28522325,1.011801,5.6281033,6.806451,90.0,26
323,14.373149,9.455228,1.005174,2.133894,5.276302,6.7956624,98.0,27
324,13.962385,6.255216,1.382263,2.511918,6.2627964,7.574105,97.0,27
325,14.135255,5.3209057,1.1594446,2.5355566,6.498654,8.1787,96.0,27
326,14.694936,9.051084,0.17941329,0.71288407,5.5853543,7.2589407,99.0,27
327,14.30355,5.910273,2.0996556,3.0722,6.436833,9.108949,137.0,27
328,13.707355,7.7866144,0.84337956,2.6922035,5.6915345,7.3296103,101.0,27
329,14.444654,9.3708,0.967275,1.967015,5.2725377,6.110718,90.0,27
330,14.229012,6.9181957,0.20998718,1.0675226,6.2706842,7.4410043,90.0,27
331,14.491919,10.239185,-0.34968686,0.9117534,5.181859,6.258596,90.0,27
332,14.561466,9.086953,-0.37699857,0.49219957,5.4637775,6.441207,85.0,27
333,13.963573,5.813879,1.3204089,2.7235248,6.2646646,7.6767592,99.0,27
334,13.736987,6.840166,0.64442873,2.3225288,6.244421,8.017945,98.0,27
335,14.222411,8.490726,-0.39457598,0.4989948,5.748666,7.1691732,90.0,27
336,14.298527,10.411474,-0.22529525,0.836588,4.9674706,5.7386255,73.0,27
337,14.123541,5.863007,1.7539506,2.9814186,6.3011475,8.432369,118.0,27
338,14.495186,6.6870255,1.862991,2.1465814,6.482409,8.602625,112.0,27
339,13.871384,5.779367,0.8949012,2.4070063,6.327226,7.561536,90.0,28
340,14.057876,5.552529,1.5896505,2.5430844,6.4624176,8.048369,95.0,28
341,2.4570332,5.6633635,7.6859655,5.2830977,2.0750685,0.6034193,63.0,28
342,13.871594,6.095557,0.9165263,2.26269,6.3560395,7.479712,90.0,28
343,13.860317,6.7155514,1.024132,2.1982594,6.079044,7.06301,90.0,28
344,14.494632,8.8051815,-0.19260198,0.50161874,5.7227306,7.1989493,93.0,28
345,14.653698,9.403039,-0.437138,0.1536589,5.453925,6.601414,90.0,28
346,13.97365,7.872939,-0.0545326,0.81828606,6.001456,7.433176,90.0,28
347,13.6797285,6.9784975,0.16027872,1.7126923,6.0107737,7.2121673,90.0,28
348,2.4934857,5.3569393,7.787405,4.662952,2.2594194,0.31502607,87.0,28
349,14.550149,9.260895,-0.4947827,0.28117338,5.491978,6.8233747,90.0,28
350,14.551956,9.699287,-0.63339233,0.20877431,5.259468,6.502762,90.0,28
351,13.815902,10.600959,-0.08645042,1.9528599,4.730319,5.559915,90.0,28
352,14.60222,9.630567,-0.59909815,0.12935124,5.3194065,6.4649997,85.0,28
353,14.463908,9.223716,-0.67319274,0.45727584,5.457141,6.467637,70.0,28
354,14.618672,6.7312355,0.65694535,2.5551403,6.648425,9.53619,110.0,28
355,14.671727,6.286141,0.5027315,1.997018,6.6539054,8.801361,105.0,29
356,13.758272,8.625696,-0.43280572,1.4526327,5.545182,7.482648,93.0,29
357,13.742505,8.18458,-0.43268332,1.3609985,5.961219,8.0405,90.0,29
358,13.868636,9.12987,-0.6514908,1.0500576,5.542388,7.4532676,90.0,29
359,14.119091,6.2274966,-0.03921925,1.4574652,7.2405186,9.761617,90.0,29
360,13.830109,8.454715,0.15276588,1.4576203,6.195982,9.602607,104.0,29
361,14.283507,7.346096,1.8808271,2.2665668,6.303587,10.378913,136.0,29
362,13.78061,6.4586167,0.5421683,1.6118788,6.384645,7.573202,90.0,29
363,14.237996,8.518544,0.2430349,2.915147,5.927509,10.070576,108.0,29
364,14.751199,9.292476,-0.05757451,0.62981385,5.40021,7.10014,102.0,29
365,14.078384,8.819946,0.02779006,1.2712444,5.7673264,7.8531065,97.0,29
366,13.648478,7.1376386,-0.122884564,1.5861579,6.2744627,8.020268,90.0,29
367,13.742003,8.731436,-0.5331881,1.2371662,5.652954,7.611902,90.0,29
368,14.382217,6.2521963,1.9697626,2.9172277,6.5091715,10.017932,146.0,29
369,13.781036,7.0284305,-0.18428741,1.3885102,6.231828,7.5790095,90.0,29
370,13.482554,7.7570763,0.43669224,2.0467408,6.3545413,9.364593,102.0,29
371,13.630002,6.5382285,1.1144143,2.597782,6.4845886,8.528408,102.0,30
372,13.663258,8.433041,0.29424077,2.1125512,5.881158,8.473121,98.0,30
373,13.785294,6.5532722,1.4954273,2.7034855,6.522411,8.75883,107.0,30
374,13.986999,8.217123,1.2330974,2.2477865,6.059495,9.716902,115.0,30
375,13.479469,6.4993277,0.72598386,2.0167415,7.101751,10.190271,108.0,30
376,14.158131,7.6520705,1.7191176,2.2479348,6.256937,9.874244,118.0,30
377,14.555884,6.046966,1.4521184,2.5821192,6.9997826,11.27172,138.0,30
378,13.745114,7.9686575,0.6896897,1.6656988,6.3661594,10.231411,111.0,30
379,14.103335,6.224683,1.6889838,2.8933353,6.7381983,10.062906,126.0,30
380,13.546399,6.421228,1.1368148,2.448431,7.074156,10.530608,112.0,30
381,13.868368,7.970847,1.2152785,1.8885193,6.309523,9.908526,112.0,30
382,13.282249,7.6016946,0.43339595,2.2489107,6.5352206,9.974778,103.0,30
383,13.672606,8.131982,0.110705934,1.6053716,6.022394,8.542707,98.0,30
384,14.188116,5.9922304,1.9518011,2.996876,6.48536,9.255684,126.0,30
385,13.839602,5.582679,1.0762218,2.5562725,7.1350417,9.981735,112.0,30
386,13.360534,7.4002905,-0.28235996,2.1701908,6.842165,10.338287,90.0,30
387,13.433626,7.592399,0.04236639,2.3223057,6.8262243,11.346666,104.0,31
388,14.4965315,5.5581083,0.22393775,1.9130378,7.7726626,11.20229,112.0,31
389,13.364936,5.744536,0.25139287,2.0543463,7.636106,11.162274,101.0,31
390,13.732398,5.3559127,0.6326651,2.4300168,7.5505314,10.92691,112.0,31
391,13.9153,5.637349,1.1023266,2.652824,7.218058,10.456418,118.0,31
392,14.167303,7.1017194,1.4143667,2.967951,6.5524116,11.142293,130.0,31
393,14.203996,6.25409,0.14772727,2.131149,7.359186,10.319725,105.0,31
394,13.567394,6.9786263,1.0180929,2.2843406,6.9798985,11.10577,112.0,31
395,13.309044,7.685639,-0.17816696,2.2859573,6.6433,10.284643,90.0,31
396,13.638285,7.8925867,-0.26791927,2.581203,6.5864897,11.353342,101.0,31
397,13.936097,6.2906613,1.0180289,2.4921513,7.230443,11.45638,117.0,31
398,13.387705,7.411978,-0.1655549,2.0193343,6.739488,9.952893,93.0,31
399,13.5293255,6.2731724,0.46656558,2.0725667,7.464551,11.40338,109.0,31
400,13.235715,7.076805,0.43359372,2.2482708,6.98276,10.891246,105.0,31
401,13.581791,7.394153,0.4065534,2.290301,6.853438,10.468842,104.0,31
402,13.51086,6.9799457,0.54290545,2.362946,7.074673,11.768956,112.0,31
403,13.776558,6.084812,0.65767366,2.8510723,7.2602873,11.452592,115.0,32
404,14.335578,5.7380123,0.08950516,2.2631907,7.7378216,11.41103,111.0,32
405,14.222542,6.9376354,0.7456008,2.8702562,6.890308,11.733562,121.0,32
406,13.459506,7.4454618,0.17901763,2.6593583,6.833477,11.583982,107.0,32
407,13.98791,5.997904,0.23561612,1.8862077,7.6554675,10.914444,105.0,32
408,14.025933,6.6989465,0.7470497,3.2189715,6.893199,11.511625,119.0,32
409,13.753703,6.1162443,-0.052386694,2.4696999,7.526064,11.695229,105.0,32
410,13.560115,8.001917,-0.36195642,2.5382452,6.4949646,10.948754,95.0,32
411,14.572497,6.3298254,0.1369002,2.8777313,7.2511125,10.775199,112.0,32
412,14.116871,6.0703487,0.3557266,1.8132546,7.393471,10.238387,108.0,32
413,14.366498,6.1284957,0.07617657,2.4709475,7.579075,11.2483425,110.0,32
414,13.4630785,6.20715,0.17821848,2.1248097,7.5016465,11.605397,104.0,32
415,13.481691,7.1651597,-0.13750085,2.551044,7.0289636,11.514002,101.0,32
416,13.3578005,7.766304,0.061598714,2.6233408,6.6645393,11.276025,104.0,32
417,13.824395,7.347945,0.09485562,2.4015393,6.9873743,10.888838,104.0,32
418,15.938316,5.2740297,-0.18380234,2.2163115,6.678862,10.253719,115.0,32
419,15.062548,5.2969227,-0.10654466,2.478195,7.488647,10.866118,104.0,33
420,15.732352,5.351177,-0.22447713,2.3550088,7.1204424,9.945135,116.0,33
421,14.622377,5.901329,-0.15388797,2.268303,7.6994314,11.421659,111.0,33
422,14.931594,5.293253,-0.2792616,2.4420018,7.6043296,11.198941,106.0,33
423,15.438423,5.314629,-0.072868764,2.3674054,7.3590055,10.1808195,119.0,33
424,15.1124325,5.6048346,-0.19850326,2.7928722,7.3595004,11.3012295,122.0,33
425,14.079113,6.539698,-0.4241441,2.8701954,7.184725,12.21333,104.0,33
426,14.872159,6.2476335,-0.13188095,3.137643,7.1199327,11.240556,112.0,33
427,15.915967,5.271486,-0.29522476,2.1398282,6.5038815,10.901325,104.0,33
428,14.468973,7.044378,-0.42163512,3.0498579,6.8475294,12.01386,112.0,33
429,14.443374,7.0774236,-0.73856574,3.2549007,6.807177,12.090132,102.0,33
430,14.258549,6.526502,-0.23091766,3.1246405,7.0849543,12.257558,119.0,33
431,14.149075,6.8221602,-0.33817777,3.2055254,6.979022,12.136151,109.0,33
432,14.082772,6.602364,-0.25196847,2.9968872,7.118205,12.245326,111.0,33
433,14.390324,6.740997,-0.6781516,3.1980932,6.993308,12.04325,98.0,33
434,14.244074,7.4212017,-0.19023047,3.4759634,6.6195164,11.540681,106.0,33
435,14.739759,7.878256,-0.47049078,3.608652,6.1728806,11.400753,102.0,34
436,14.710692,6.7960005,0.35934848,3.410326,6.743235,11.822332,125.0,34
437,14.028029,7.0116053,-0.13056345,3.1823182,6.938947,11.468632,104.0,34
438,14.487927,6.86258,0.3292251,3.4317641,6.8155293,11.239062,116.0,34
439,14.210188,7.3531084,-0.36276957,3.337883,6.709691,11.634491,104.0,34
440,14.236275,6.099998,0.5233094,2.8011434,7.2880054,11.890777,119.0,34
441,13.408794,7.36711,0.6412863,2.9005427,6.6902575,10.836288,108.0,34
442,14.738453,7.0199723,0.02138568,3.4020247,6.698046,10.964433,108.0,34
443,15.074809,6.178721,0.82111454,3.2403498,6.792509,11.138504,180.0,34
444,14.471512,7.2498693,-0.21432789,3.2818687,6.6991305,11.297782,105.0,34
445,15.757179,5.6475263,-0.18474868,2.2043734,6.2902055,11.108037,120.0,34
446,14.760779,7.185218,0.00733682,3.6115525,6.5472717,11.3377075,116.0,34
447,14.90791,6.7147613,0.2699554,3.5411403,6.683738,11.823312,133.0,34
448,13.813853,6.679051,-0.15413372,2.8788157,7.1583796,12.087533,108.0,34
449,15.018527,6.0123405,0.7117059,3.2007806,6.9689794,11.480653,143.0,34
450,15.331938,6.1461096,-0.15411519,3.1583855,6.9163184,10.966429,123.0,34
451,15.210659,6.670412,-0.0991087,3.3947594,6.6685686,10.987607,118.0,35
452,14.560769,6.7197757,-0.11134132,3.3226302,6.959951,11.550951,112.0,35
453,14.522077,7.0891256,0.5200234,3.476003,6.6098094,11.156864,119.0,35
454,15.473771,6.0574703,-0.10714546,2.9488428,6.878448,10.339061,118.0,35
455,14.595488,7.5266414,-0.4369027,3.6207707,6.442017,11.599686,108.0,35
456,15.0337305,7.4171047,-0.1674282,3.8191118,6.2716055,11.728294,125.0,35
457,15.069589,7.5507007,-0.13614866,3.7982981,6.1730556,11.41316,124.0,35
458,15.860536,5.5402255,-0.21356371,2.3578026,6.417692,11.013761,139.0,35
459,14.547363,7.072735,0.27062652,3.1700575,6.746659,10.699639,112.0,35
460,15.545164,5.8896074,-0.05538249,2.7585423,6.8889384,10.037132,122.0,35
461,15.8557,6.7564354,-0.38736233,3.424826,6.2424374,10.724858,135.0,35
462,14.918455,6.3019533,-0.3637678,3.1325824,7.0969944,11.538517,110.0,35
463,14.851158,5.636964,0.7874729,2.8559449,7.2331333,11.39804,131.0,35
464,15.257377,6.3610225,0.20516281,3.2063987,6.7503357,10.708201,133.0,35
465,14.501347,6.9366536,0.21068245,3.597003,6.7165184,11.627855,116.0,35
466,2.5522707,4.8290906,8.612792,4.1575193,2.9377897,0.5699513,118.0,35
467,2.8144212,5.1770005,8.207989,4.97355,2.0956244,0.848456,60.0,36
468,2.538414,5.0454063,8.171439,4.4265,2.3969998,0.3426156,90.0,36
469,2.524088,5.112052,9.240876,4.492498,3.6231673,1.0758152,90.0,36
470,13.866326,5.533476,1.59319,2.511096,6.3543134,7.760351,67.0,36
471,-10.163731,15.201298,0.74961936,-0.71142054,9.056915,6.797477,0.0,36
472,2.2373476,5.1142917,8.361533,4.3561225,2.663094,0.26569587,90.0,36
473,2.2828674,5.662183,8.089777,5.612584,2.1142468,0.7512131,67.0,36
474,2.372089,5.127251,9.422273,4.682399,3.7386293,1.3281279,90.0,36
475,2.938156,5.0449686,8.39316,4.7578382,2.353667,0.95317256,60.0,36
476,13.985396,5.4509916,1.5210277,2.7998297,6.385183,8.15177,103.0,36
477,2.1635995,5.350441,8.318976,4.8797007,2.581227,0.5555494,81.0,36
478,1.9541374,5.3174343,8.994695,4.6030293,3.6478584,0.966782,90.0,36
479,2.156421,5.319977,9.175571,5.080917,3.1696243,1.226918,90.0,36
480,2.2262182,5.690163,8.330157,5.69633,2.1771905,0.88889873,53.0,36
481,2.4385214,5.077109,8.634287,4.3268743,3.3787303,0.55890715,90.0,36
482,13.615818,10.569864,1.5415992,3.1433427,4.676912,5.9528937,99.0,36
483,14.478191,10.296795,0.07449174,1.2305938,4.997342,5.7377725,90.0,37
484,13.76877,9.977132,-0.19144098,1.9253044,4.879327,5.769894,90.0,37
485,14.278467,9.509251,1.0955594,2.3130665,5.200079,6.664152,98.0,37
486,14.006163,10.390113,-0.40582636,1.4112343,4.8578625,5.8688636,90.0,37
487,13.89748,10.411764,1.681655,3.0684574,4.803795,6.3122144,104.0,37
488,13.978728,10.90986,0.431542,1.8739426,4.722288,5.446132,75.0,37
489,14.331202,10.25208,-0.67837375,0.6740528,4.9920583,6.2271023,90.0,37
490,13.280853,10.100696,0.19905348,2.6253107,4.7490864,5.7075515,92.0,37
491,13.365036,10.686615,0.82458574,2.8687758,4.6055384,5.529633,90.0,37
492,13.369935,10.96286,0.90910333,2.856051,4.466434,5.2754583,90.0,37
493,13.942446,10.751157,-0.027388485,1.7820731,4.6915317,5.437334,90.0,37
494,14.073408,10.616998,0.6160291,2.1385117,4.724845,5.257351,90.0,37
495,2.2562602,5.2094398,8.401183,4.348748,3.2319791,0.2673334,101.0,37
496,2.1080096,5.2467136,8.271944,4.6772904,2.3757982,0.3325595,90.0,37
497,13.5558815,8.11859,0.1944309,2.3064487,5.4678755,6.7840486,90.0,37
498,14.571213,7.625923,2.2710836,2.8171828,6.011877,9.33263,136.0,37
499,14.321089,7.024369,2.2289295,3.1677313,6.058204,8.933131,131.0,40
500,13.741836,9.418739,0.28281528,2.277151,5.160186,6.5535703,90.0,40
501,14.182356,7.817837,2.0909727,3.2989905,5.816179,8.084162,112.0,40
502,14.572385,7.143578,1.903352,3.388419,6.202795,9.871725,148.0,40
503,14.265998,8.104082,1.839825,2.8536546,5.648533,7.2801757,101.0,40
504,14.047436,6.9580426,0.25442111,1.529302,6.167979,7.1823354,90.0,40
505,13.701187,8.517879,-0.21557286,1.6768172,5.385382,6.895059,90.0,40
506,14.20959,5.7836556,1.9803222,3.0255353,6.410343,8.881622,125.0,40
507,14.339266,9.393136,0.7977095,1.8862057,5.325467,7.4979305,109.0,40
508,14.2383,7.502332,2.2537022,3.2842221,5.963112,8.188926,116.0,40
509,13.828709,5.7051463,0.80192316,2.1859572,6.4534454,7.7746153,90.0,40
510,13.909003,10.201852,-0.3444159,1.6107506,4.886144,5.9281406,90.0,40
511,14.189455,10.189228,1.7579802,2.8333445,4.908533,6.3361797,104.0,40
512,13.822751,8.663606,1.1958467,2.921196,5.397135,7.2926126,101.0,40
513,14.011061,9.294551,0.5679533,2.2046087,5.4708896,7.9044957,104.0,40
514,16.245544,5.2610407,-0.24263464,1.736591,6.282247,10.725047,104.0,41
515,14.280736,5.978093,2.0701175,3.080757,6.3896837,9.178572,133.0,41
516,14.205863,7.5108852,1.3807237,3.0281398,6.38074,10.363706,119.0,41
517,14.329128,7.8716073,0.5153189,3.1318898,6.2244387,10.113803,104.0,41
518,13.673743,9.216129,-0.24283503,1.8346499,5.3610334,7.180577,90.0,41
519,14.63762,7.0647655,1.6787355,3.4277172,6.2399583,10.076868,151.0,41
520,14.964294,7.6301546,0.44591781,3.7000477,6.047746,10.895808,126.0,41
521,14.691984,7.5325875,1.198482,3.517021,6.150165,10.551975,143.0,41
522,13.6622715,6.742787,1.197219,2.5136452,6.2536206,7.69507,94.0,41
523,14.455572,8.849892,0.17621095,0.8249187,5.7640414,7.5835037,99.0,41
524,14.8453,7.7063828,0.2065454,3.5847926,6.12913,10.859186,112.0,41
525,14.8440695,7.531878,0.8370217,3.6260343,6.1293154,10.715517,142.0,41
526,14.656353,7.5167184,1.4041768,3.4537282,6.134537,10.307544,136.0,41
527,15.067763,7.5200586,0.15480031,3.7687266,6.136956,11.147212,130.0,41
528,13.477349,7.036754,1.2816142,2.5722134,6.4546337,8.735453,101.0,41
529,14.051641,7.825291,1.5288773,2.7061102,6.202372,9.868379,116.0,42
530,14.090635,6.8080134,1.7579017,2.3253899,6.7089734,10.471781,123.0,42
531,13.954727,7.762601,1.6549115,2.3450177,6.3464217,8.999013,108.0,42
532,13.71926,8.356641,-0.16648021,1.3655492,6.106592,8.7951765,94.0,42
533,14.314193,7.604418,2.1309037,2.2735624,6.3414316,9.519967,121.0,42
534,14.284963,6.4940495,0.90435505,2.3917315,6.4980927,8.6315365,106.0,42
535,14.284636,7.311387,2.0731363,2.4610295,6.4738727,9.57204,120.0,42
536,13.953953,8.112163,0.6524159,2.1271904,6.004717,8.970942,106.0,42
537,13.836356,8.280301,-0.076339476,1.1693462,6.1574726,8.479827,90.0,42
538,14.139748,9.208418,0.18102674,1.5790799,5.6701035,7.4958,90.0,42
539,13.659198,8.029453,0.73950016,2.1918902,6.1669016,9.163227,104.0,42
540,13.87374,7.3911853,1.1652827,1.9223766,6.2524686,7.996851,98.0,42
541,13.694684,8.271973,0.4677335,1.7424045,6.1905456,9.36781,104.0,42
542,13.672621,8.056038,-0.032698806,1.3783296,6.1531935,8.374885,90.0,43
543,14.041944,6.0814962,0.26538804,1.8059316,7.34932,10.0812,99.0,43
544,14.082462,7.630209,0.8804748,2.3623126,6.6136546,10.205495,112.0,43
545,13.702005,8.41805,-0.004212511,1.6357669,6.2209024,9.101474,92.0,43
546,13.827737,8.3196335,0.6798934,1.5717474,6.3746896,9.2943945,101.0,43
547,13.552959,6.693554,0.5506386,2.1831255,7.034872,10.056857,104.0,43
548,14.165488,8.114624,0.89776313,2.8693793,6.1620884,10.499992,119.0,43
549,14.710937,5.7899814,0.57380813,2.200048,7.0700374,9.647128,110.0,43
550,13.68863,8.287904,0.63127923,2.0533211,6.102188,9.302996,104.0,43
551,13.565468,6.7917347,1.1757741,2.6145027,6.91646,10.375946,112.0,43
552,13.5523205,8.273648,0.4102338,1.8798113,6.1917906,9.240039,101.0,43
553,13.660387,8.9109955,-0.4913808,1.5937102,5.851786,8.759711,90.0,43
554,13.948235,5.7290225,1.1860993,2.4769323,6.982707,9.45404,108.0,43
555,13.759088,7.7794876,1.2126794,2.2223637,6.317381,9.244833,107.0,43
556,13.8555765,8.235277,0.5993519,1.5884013,6.366851,9.724071,105.0,43
557,13.635548,8.506223,0.13455585,2.0657523,6.307158,9.9161005,100.0,44
558,14.074061,8.412589,-0.19209927,1.5090475,6.0203667,8.20172,94.0,44
559,14.418538,6.3923845,0.77133584,2.5201447,6.839935,9.574848,111.0,44
560,14.222126,8.25364,1.115868,2.9652002,6.047879,9.941538,115.0,44
561,14.398642,5.491756,0.34727728,1.9028056,7.4852476,10.14601,105.0,44
562,15.077158,6.123464,0.4539432,2.439783,6.671664,9.1811075,111.0,44
563,15.341205,5.597176,0.21359722,2.272384,7.0276346,9.56276,114.0,44
564,14.5817795,5.9572153,1.4596202,2.7725825,6.9598656,11.001117,137.0,44
565,14.028222,6.9388666,1.4833002,2.2214222,6.809791,10.531318,118.0,44
566,13.261898,6.4042034,0.3589053,1.9603064,7.3257957,10.633878,99.0,44
567,14.905758,5.325627,0.049233723,1.9135344,7.4418654,10.099137,90.0,44
568,13.712276,8.14279,0.33971724,1.8870467,6.488834,10.1971245,104.0,44
569,13.55509,7.6845865,0.23727663,2.2599974,6.0414176,8.161101,90.0,44
570,13.351135,7.4864902,0.51231366,2.7148345,6.631383,10.349543,104.0,44
571,14.422909,5.9097295,1.2375858,2.3812385,7.22134,11.383447,126.0,44
572,14.458363,5.855477,0.9976768,2.6677089,7.267911,11.727414,128.0,44
573,13.803524,7.3719254,1.0468383,2.4939365,6.80695,10.651512,112.0,45
574,13.4988985,7.9891105,0.069822565,2.5980754,6.563471,10.968333,104.0,45
575,14.441567,6.13562,0.8329818,2.9258988,7.1171184,11.828241,126.0,45
576,13.65108,7.242364,0.7850497,3.085234,6.7027674,10.885486,112.0,45
577,13.408444,7.738892,-0.0019444833,2.523529,6.6902833,10.895555,104.0,45
578,14.007095,6.861052,1.3625792,2.8441362,6.823717,10.80076,119.0,45
579,13.955811,5.747974,0.6458871,2.5976665,7.4298477,10.691047,108.0,45
580,13.822708,7.7487082,-0.20082244,2.8587985,6.60641,11.693807,105.0,45
581,13.72453,7.000799,-0.17827259,2.3185747,7.1194663,10.574291,94.0,45
582,13.332656,7.392048,0.05140419,2.4377315,6.9356546,11.479024,102.0,45
583,13.971216,5.8761253,0.39241353,2.7180638,7.515094,11.106526,109.0,45
584,14.010678,6.7676373,0.4285168,2.244014,7.318571,11.39433,112.0,45
585,14.371292,7.708877,-0.543865,3.452859,6.42767,11.64886,106.0,45
586,14.345692,6.462296,0.12647608,2.5700643,7.282065,10.449566,104.0,45
587,14.549126,6.960338,0.122191146,3.270123,6.7252736,12.230516,126.0,45
588,14.120936,6.2698765,-0.41934243,2.2068315,7.4373,11.755978,96.0,46
589,13.744736,6.792658,-0.038083863,1.8242513,7.27918,11.376575,103.0,46
590,13.541275,5.9562697,0.13795961,2.5806003,7.530415,11.476194,104.0,46
591,14.037249,6.8180056,-0.16524586,3.0350466,7.0002327,12.321515,112.0,46
592,14.653568,6.466287,0.6717637,3.3528612,6.85359,11.898246,136.0,46
593,14.587626,5.1449404,-0.15132934,1.925333,7.738079,10.958542,102.0,46
594,14.145762,7.011717,1.3785806,2.8630455,6.6731606,11.226737,127.0,46
595,14.291208,7.3326063,0.26598495,3.1963823,6.5992866,12.065399,119.0,46
596,13.336057,5.915846,0.23786865,2.3406026,7.5916023,11.083107,101.0,46
597,14.027349,6.4531875,0.7212527,2.7661393,7.1110177,12.033581,124.0,46
598,14.027374,6.482323,1.0169618,2.4875336,7.106345,11.87191,123.0,46
599,14.619234,6.328414,0.99519265,2.9791234,6.914286,11.857195,152.0,46
600,16.10042,5.0159593,-0.27816072,2.0424643,6.4382396,10.620109,117.0,46
601,14.386719,6.6034346,-0.4988021,3.1091511,7.089553,12.040079,105.0,46
602,14.647301,7.10945,0.4397947,3.3646784,6.5540414,12.06236,136.0,46
603,14.525629,7.649827,-0.35660952,3.4482129,6.417837,11.926349,111.0,46
604,14.865457,7.7972555,-0.51131344,3.761213,6.1818404,11.918882,116.0,47
605,14.695694,7.9550886,-0.57443297,3.7101245,6.157597,11.5629835,101.0,47
606,14.185376,6.4772897,0.011876397,2.9017909,7.3269243,10.987786,104.0,47
607,14.499004,6.994281,0.54410243,3.3503258,6.6622167,11.854471,127.0,47
608,14.88513,6.4734793,0.051816482,3.4123101,6.9203486,11.746435,123.0,47
609,14.686318,5.9524713,-0.20963672,2.5763514,7.5420628,11.370699,112.0,47
610,14.8684635,5.909392,0.09282189,2.9348457,7.2562428,10.938558,112.0,47
611,14.18085,6.8896,-0.20882909,3.3420556,6.896693,12.212192,112.0,47
612,14.305469,7.09693,-0.5047234,3.3782465,6.84827,11.757438,105.0,47
613,14.122805,7.8638043,-0.26745456,3.1430328,6.4320793,11.710551,108.0,47
614,14.679557,6.604913,-0.59436136,3.3395605,6.9920826,11.843686,104.0,47
615,14.735756,6.9617066,-0.3132189,3.556097,6.6839533,12.077378,118.0,47
616,15.029128,6.3006697,0.18315387,3.3783147,6.9236813,11.712997,130.0,47
617,14.611178,6.2885413,0.461047,3.2205381,7.0511837,11.901657,126.0,47
618,13.671723,5.4655294,0.51837724,2.194509,7.456645,10.283227,98.0,47
619,13.421344,7.341278,-0.04626412,1.6436296,6.969253,10.801831,99.0,48
620,13.734525,7.1259127,0.06175677,2.6253612,6.9777317,11.947886,108.0,48
621,13.715838,6.9763117,0.2125776,1.9259375,7.138439,11.462474,108.0,48
622,14.02525,6.2429953,0.24990247,1.483769,7.3878703,10.7554,108.0,48
623,13.933966,5.332961,0.27950713,1.9995058,7.7384653,11.205382,105.0,48
624,13.640445,7.296077,0.7767739,2.1425042,6.9496927,11.513707,112.0,48
625,14.240634,6.046762,1.1070997,2.6456494,7.227214,11.705744,126.0,48
626,14.827355,5.1434007,-0.02122547,1.9252354,7.631792,10.620403,104.0,48
627,13.97956,6.715319,1.081492,2.1521077,7.0280833,11.747982,124.0,48
628,13.667302,6.233585,0.7953987,2.2282975,7.3784537,11.7602215,116.0,48
629,15.7630825,5.3859315,-0.066669725,2.0892358,6.4492536,11.122197,130.0,48
630,15.967331,5.1443143,-0.19539914,1.9993857,6.457363,10.870118,150.0,48
631,14.386162,5.4043803,0.7045779,1.9650633,7.5954876,11.268194,118.0,48
632,13.779833,7.2718916,0.60412234,2.5784352,6.8604956,11.899422,115.0,48
633,13.599333,6.409586,0.44930384,1.5884851,7.246602,10.275021,104.0,48
634,3.0150383,5.1677904,7.821888,4.5007043,2.3176725,0.54985774,69.0,48
635,16.10795,5.4948545,-0.16705611,1.9722914,5.997481,10.412567,90.0,49
636,2.353599,5.5161753,7.924151,5.076159,2.2013655,0.56093854,70.0,49
637,2.160081,5.215703,8.812274,4.6326036,3.4178398,0.7231544,90.0,49
638,14.050676,10.844978,1.0675154,2.3546152,4.660896,5.2836003,90.0,49
639,2.2327528,5.251846,8.170774,4.5315847,2.862802,0.3480885,90.0,49
640,14.3761635,9.692109,-0.20181595,1.1658455,5.174952,5.9674172,81.0,49
641,14.076863,8.363314,1.3598218,2.6731,5.503101,7.069784,102.0,49
642,13.371384,10.695116,0.26700747,2.5099788,4.582742,5.4022393,90.0,49
643,2.094596,5.6088405,8.554663,5.3694487,2.7126622,0.9862489,63.0,49
644,14.714925,8.635101,0.86389977,1.2813755,5.7023034,6.7486362,90.0,49
645,2.5407412,5.1574636,8.668665,4.1123753,3.7004495,0.627559,111.0,49
646,14.031623,10.750041,0.7466667,2.181638,4.665516,5.213011,90.0,49
647,2.4653637,4.9271755,8.7257595,4.4553833,2.7250495,0.7141118,90.0,49
648,2.3758948,5.0725293,8.429755,4.09089,3.4469457,0.097892664,104.0,49
649,2.0290754,5.1578884,9.156203,4.91694,3.3414958,0.9016847,90.0,49
650,2.1279047,5.4245687,8.9747715,5.5371385,2.4577155,1.2430942,59.0,49
651,2.222835,5.219972,9.159428,4.8028173,3.6446116,1.2004536,90.0,50
652,14.446297,7.5456314,2.3986578,3.1654084,5.9490666,8.2728,126.0,50
653,2.6755652,4.8862433,8.61499,4.2931943,2.986124,0.66395515,112.0,50
654,2.5220284,5.5091286,7.933603,5.4682765,1.9266794,0.58960634,71.0,50
655,2.0004961,5.465226,8.896032,5.112198,3.1601915,1.0845413,90.0,50
656,2.4039736,5.654244,7.8751183,5.177415,2.3661685,0.71319926,56.0,50
657,2.0137296,5.2161417,8.684519,4.771607,2.6610255,0.69585305,90.0,50
658,2.1721914,5.1883693,9.273793,5.271706,2.7474566,1.2666274,78.0,50
659,2.2454007,5.2147117,9.237546,4.825687,3.5074048,1.2116828,90.0,50
660,2.4474766,5.29685,9.212383,4.439401,3.7518082,1.1706132,90.0,50
661,13.973142,5.5013566,1.7292994,2.7572737,6.364774,8.02117,90.0,50
662,2.0367172,5.2597065,9.258822,5.281671,2.7879755,1.323866,78.0,50
663,-10.329912,15.367469,0.58344084,-0.877599,9.223087,6.9636536,0.0,50
664,-10.221167,15.2591,0.6916101,-0.76942647,9.114911,6.8554373,0.0,50
665,2.4244106,5.016072,9.190343,4.949193,2.697754,1.1886798,75.0,50
666,13.838007,10.891322,1.428413,2.6742573,4.592166,5.2460713,90.0,50
667,14.180904,10.629154,0.91350156,2.076472,4.7526603,5.4215403,90.0,51
668,2.285776,5.049069,9.296856,4.639485,3.7024646,1.0845714,90.0,51
669,14.550151,9.194086,1.6670014,2.4271984,5.3306136,7.0167184,104.0,51
670,14.159968,10.902946,0.7941884,2.0147023,4.663558,5.352581,90.0,51
671,13.408764,11.040046,1.4765078,3.1485775,4.4677634,5.3830853,90.0,51
672,1.9645615,5.1779194,8.395685,4.5162463,3.0263116,0.4181949,90.0,51
673,2.2778816,5.2467656,8.064851,4.5468698,2.5209687,0.27197415,90.0,51
674,14.345234,10.372132,0.87724245,2.0060048,4.9066167,5.49312,90.0,51
675,14.515466,9.574267,0.48208222,1.5617309,5.2397857,6.097001,90.0,51
676,13.972045,10.142401,-0.0017641363,1.8430223,4.866801,5.64881,90.0,51
677,13.770974,10.381675,0.23363838,2.2409205,4.8139524,5.977137,90.0,51
678,13.7029705,10.9539795,0.78442466,2.6442623,4.581995,5.4733377,94.0,51
679,14.178067,10.768074,0.33527768,1.5926749,4.774529,5.440755,75.0,51
680,14.395411,10.305409,0.21600223,1.4233553,4.9651504,5.6166553,81.0,51
681,13.743322,10.564133,0.38975632,2.43346,4.702609,5.668443,90.0,51
682,13.356736,10.436861,0.7800784,2.9089527,4.6596313,5.6900444,90.0,51
683,14.683268,9.985772,0.5585955,1.33266,5.17332,5.947269,90.0,52
684,2.5292897,5.296785,7.8723574,4.8685565,1.937004,0.5106794,75.0,52
685,14.1602745,7.011688,0.8810055,1.4952154,6.1817403,7.2450614,90.0,52
686,13.934413,6.81812,1.4355156,2.3587565,6.1364894,7.13609,91.0,52
687,13.699794,10.776724,0.9452344,2.5725453,4.5715923,5.2773094,90.0,52
688,2.1760077,5.114369,8.805387,4.4920864,3.6147342,0.68940943,90.0,52
689,14.168254,6.915745,1.0090423,1.6634742,6.150946,7.1996527,90.0,52
690,2.5856712,5.1153727,8.216055,4.350584,2.4961522,0.37113518,90.0,52
691,2.6601603,4.9553,8.374467,4.1196876,2.911575,0.38290775,90.0,52
692,14.438641,10.370414,-0.30227074,1.010856,4.9496713,5.821025,90.0,52
693,13.767083,10.400033,1.739875,3.136871,4.7692876,6.069057,98.0,52
694,14.765801,8.973354,1.0759495,1.5243462,5.567991,6.5561914,90.0,52
695,14.624956,9.074147,-0.035760723,0.7394703,5.461651,6.536464,90.0,52
696,13.267785,10.609893,1.5537866,3.245903,4.664837,5.5299387,94.0,52
697,13.648906,10.594966,0.9013721,2.7626917,4.691954,5.8677506,90.0,52
698,14.668255,9.409468,1.1246481,1.820511,5.4084125,6.712521,96.0,52
699,14.273147,5.636854,1.5556647,2.627843,6.5133133,8.318068,108.0,53
700,14.639168,8.992985,0.7861877,1.517173,5.562273,6.429971,90.0,53
701,13.9904585,5.3750343,1.2777355,2.524582,6.453657,7.9585104,96.0,53
702,14.426247,7.4616942,1.4048663,1.7580792,6.044374,7.713902,104.0,53
703,14.304111,5.835917,2.0790427,2.891285,6.476264,8.757462,128.0,53
704,14.946708,9.08989,1.2652576,1.3774494,5.5816827,7.009393,102.0,53
705,14.281938,7.2372665,1.4539459,1.9560918,6.122589,7.7519393,105.0,53
706,14.498198,9.186178,1.3637277,2.2365434,5.4820766,7.0847983,100.0,53
707,14.208095,5.769256,1.6438677,2.6005585,6.535855,8.419426,108.0,53
708,14.129249,6.499824,1.3133126,1.8413485,6.354134,7.6332674,95.0,53
709,14.531781,9.484079,-0.19766761,0.7834671,5.305751,6.14092,81.0,53
710,14.127135,9.689977,1.2688174,2.5175707,5.0709677,6.0815043,90.0,53
711,14.6343775,8.609829,1.2398726,1.81357,5.7241106,6.9424105,96.0,53
712,14.284667,7.886134,1.4296013,2.2717009,5.859576,6.9241486,90.0,53
713,14.439509,9.204743,0.60695547,1.7020665,5.364607,6.2064185,90.0,53
714,15.07158,7.9828534,-0.78729934,3.62143,6.0009985,11.381369,101.0,53
715,14.851703,8.037044,-0.6477854,3.596615,6.044509,11.593248,111.0,54
716,13.930899,8.558362,-0.3214011,2.409612,6.0734997,10.2166605,100.0,54
717,13.649927,9.109246,-0.40899038,1.628723,5.5833583,7.8540554,90.0,54
718,14.830083,7.953016,-0.71704614,3.6773114,6.1362643,11.702088,108.0,54
719,13.437308,8.061815,-0.2871686,2.1636581,6.463426,10.392305,98.0,54
720,13.761279,9.198112,-0.54308456,1.5464753,5.692447,8.384851,93.0,54
721,13.734269,9.290032,-0.61236656,1.4023464,5.5448036,7.794743,90.0,54
722,14.34673,8.2541685,-0.7750644,3.1530344,6.164666,11.376757,90.0,54
723,14.3990965,7.120483,2.1006613,2.4656067,6.222462,9.701124,128.0,54
724,13.639736,8.191662,0.18828563,1.928411,6.097981,9.204199,99.0,54
725,13.769332,8.708147,-0.25085947,1.6391206,5.9457693,8.625202,90.0,54
726,13.649555,5.977666,0.4657408,2.0003965,6.7113266,8.424694,90.0,54
727,13.982822,8.843976,0.6765467,2.195398,5.4878907,7.5824366,101.0,54
728,15.26931,7.7088943,-0.84961605,3.8935118,6.0772576,11.839897,98.0,54
729,14.6529255,8.274238,-0.6813913,3.3230345,5.9915714,11.127411,90.0,54
730,15.187766,7.626694,-0.49894655,3.8197021,6.1262436,12.000654,130.0,54
731,14.742304,7.60966,-0.14501692,3.5455663,6.294618,12.0961685,130.0,55
732,14.088219,8.222605,-0.5949995,2.8338583,6.2905555,11.253498,98.0,55
733,15.095781,7.3600755,-0.82431287,3.6845071,6.3727083,11.804249,99.0,55
734,14.446967,8.155375,-0.6059238,3.3801713,6.170205,11.762249,104.0,55
735,14.31129,6.1745925,-0.32099256,2.3351817,7.646334,11.304521,98.0,55
736,14.274033,8.204083,-0.39921445,3.1091893,6.184229,11.342995,109.0,55
737,15.378981,7.5250616,-0.63166255,3.9416118,6.124944,11.904925,126.0,55
738,14.336523,8.073229,-0.9027227,3.1659813,6.2978754,11.646388,90.0,55
739,14.895902,7.0108776,-0.17000997,3.549131,6.6357737,11.72607,118.0,55
740,14.880488,7.773433,-0.90945554,3.6533468,6.224518,11.856622,104.0,55
741,15.016058,7.2928095,-0.76351273,3.6084702,6.460205,11.813358,105.0,55
742,15.481477,7.5628824,-0.74498665,4.037539,6.0623865,11.940772,116.0,55
743,15.269943,7.552231,-0.3377147,3.978698,6.1082945,11.785056,133.0,55
744,14.590922,7.592336,-0.9745796,3.3251476,6.469168,11.862221,94.0,55
745,15.433275,7.465391,-0.8320153,3.9064429,6.167972,11.815277,104.0,55
746,15.5498085,5.715502,-0.28322685,2.262566,6.4353113,11.298171,104.0,55
747,14.506741,7.9481463,-0.5039633,3.4731476,6.2362423,11.919966,112.0,56
748,14.770654,8.1115,-0.5983175,3.8248196,6.0206323,11.635255,108.0,56
749,14.794288,7.1727905,-0.2034308,3.5686996,6.52768,12.265901,130.0,56
750,14.9635315,7.8091316,-0.8998253,3.7882473,6.1838694,11.758913,101.0,56
751,14.455584,7.9240246,-0.87574387,3.2846131,6.342098,11.901025,101.0,56
752,14.778574,7.9190187,-0.81320643,3.60319,6.21479,11.832715,106.0,56
753,14.730727,7.4788747,-0.87874043,3.4840138,6.4630294,12.054295,101.0,56
754,13.631187,8.396799,-0.44669145,1.7743219,6.2400303,9.752827,90.0,56
755,15.838422,5.3320827,-0.20613313,1.9608873,6.385978,11.043049,100.0,56
756,13.756618,8.800314,-0.5151738,1.4290583,5.95664,8.89651,90.0,56
757,14.3679285,5.7431536,-0.03732931,1.6667966,7.5537677,10.500396,93.0,56
758,13.439859,7.213797,-0.24934097,1.9682969,6.932759,10.281416,90.0,56
759,15.98811,5.1537795,-0.2533337,2.0292463,6.4883947,10.757831,90.0,56
760,13.548188,7.107663,-0.34504655,2.5063782,7.0564356,11.002002,95.0,56
761,14.702801,7.6446114,-0.44601333,3.5456636,6.347594,12.180472,118.0,56
762,15.980215,7.285674,-0.8302471,3.938161,5.9682,11.467734,104.0,56
763,15.67748,7.547547,-0.85897034,3.995726,6.0067816,11.752056,104.0,57
764,16.034681,7.317788,-0.7824763,3.9257138,5.945205,11.411857,104.0,57
765,16.06092,7.0396385,-0.62950367,3.7326634,6.059251,11.094279,112.0,57
766,16.16105,7.3947363,-0.72018826,3.831456,5.971621,11.307709,105.0,57
767,15.947866,6.921824,-0.5360806,3.6142607,6.147673,10.972234,135.0,57
768,16.01117,7.468811,-0.9355938,4.0407453,5.9225264,11.606001,104.0,57
769,16.040375,7.4010024,-0.95503503,3.9636672,5.9460635,11.659608,120.0,57
770,15.685721,7.18128,-0.72527725,3.791169,6.107942,11.551944,102.0,57
771,16.210196,7.379324,-0.9451067,4.049595,5.9778304,11.502006,104.0,57
772,16.102858,7.515813,-0.980926,4.0385523,5.945413,11.592853,104.0,57
773,15.790401,7.2768016,-0.7906166,3.8338435,6.04597,11.570839,126.0,57
774,16.191439,7.1856833,-0.72183514,3.8556297,5.9344525,11.211386,126.0,57
775,15.935374,7.41755,-0.8548118,4.0194955,5.8452034,11.544996,118.0,57
776,16.2313,7.313061,-0.81082517,3.9598627,5.8617606,11.294979,126.0,57
777,15.984879,7.1554055,-0.5750163,3.7334487,6.1413007,11.181291,119.0,57
778,13.580293,5.9304366,0.3224908,2.0524802,7.6532674,11.309591,106.0,57
779,14.274213,8.603036,1.8189838,2.8781908,5.6463523,8.480764,118.0,58
780,13.829617,7.5385823,1.2881024,2.066181,6.519337,9.378753,106.0,58
781,13.67499,7.031966,1.3894038,2.5035276,6.7668552,10.283737,114.0,58
782,13.936153,8.033692,0.85096836,1.718885,6.4318733,9.856753,112.0,58
783,15.439109,5.542821,0.16655557,2.3952603,7.0166345,9.770745,111.0,58
784,14.1625595,8.244661,0.9645446,2.9586513,6.047401,9.829797,112.0,58
785,14.063681,6.7739215,1.9195507,3.0637345,6.29274,8.969864,118.0,58
786,13.434391,7.1135297,1.0102907,2.5009723,6.394257,8.572421,98.0,58
787,13.522419,8.146817,0.27134106,2.4219754,6.4906955,10.398557,104.0,58
788,13.804578,6.992526,1.3904659,2.2425442,6.900047,10.953246,118.0,58
789,13.765938,6.5987263,1.4751546,2.5896368,6.9342775,10.750577,119.0,58
790,14.145736,6.2097383,0.031250924,1.546348,7.4194126,10.319931,96.0,58
791,13.669174,7.4170547,1.1286937,2.6135623,6.584308,10.079264,111.0,58
792,13.897762,7.885979,1.1816653,2.091627,6.637742,10.232005,112.0,58
793,-10.179112,15.21666,0.7342575,-0.7267819,9.072276,6.8128395,0.0,58
794,-10.387905,15.425465,0.5254521,-0.9355884,9.281082,7.0216446,0.0,59
795,2.3072655,5.744357,8.110817,5.5627694,2.081832,0.6390055,67.0,59
796,2.2744699,5.1996045,9.18489,5.2869086,2.5953555,1.3118901,63.0,59
797,2.5668223,5.218252,8.490263,4.0019574,3.4630058,0.46650022,117.0,59
798,2.2527773,5.367882,8.747211,5.1259995,2.9749339,1.071774,63.0,59
799,2.260441,5.5509787,8.391589,5.5478306,2.173059,0.9714532,67.0,59
800,2.4689105,5.180802,9.1368475,4.417862,3.8012946,1.0055737,90.0,59
801,2.7239757,4.905046,8.963147,4.6917386,2.722808,1.1129448,90.0,59
802,2.4318,4.9667597,8.551607,4.348493,2.6254067,0.47288686,90.0,59
803,2.601392,5.0892286,8.9508095,4.973235,2.5588756,1.1500641,63.0,59
804,2.536609,4.926674,8.489557,4.084378,3.3094766,0.38434952,104.0,59
805,2.08965,5.1213737,9.09405,4.834477,2.9706507,0.97886854,90.0,59
806,2.3671138,5.0587864,8.640186,4.33375,3.5413022,0.5206809,90.0,59
807,2.1838927,5.0417747,9.324453,4.8801975,3.172042,1.169377,90.0,59
808,2.0790172,5.485961,8.438148,5.287278,2.578638,0.8183543,77.0,59
809,-10.268159,15.305703,0.6452108,-0.81583136,9.1613245,6.9018846,0.0,59
810,2.5577953,5.289683,7.87942,4.773624,1.9796607,0.40038764,90.0,60
811,-10.315942,15.353492,0.597425,-0.8636175,9.209111,6.949672,0.0,60
812,2.5617812,5.595335,7.7576747,5.2568684,1.9592819,0.49093956,41.0,60
813,2.163773,5.0947843,8.559438,4.3680763,3.4438627,0.4355127,90.0,60
814,2.1042175,5.457662,8.806718,5.5653825,2.435658,1.1419293,63.0,60
815,2.2082715,5.2804112,9.210243,5.0866966,3.146488,1.2752212,90.0,60
816,13.44498,10.194455,0.47752416,2.6268415,4.729612,5.5730677,90.0,60
817,2.4743493,5.1641955,9.067493,4.29832,3.8990319,1.0064921,90.0,60
818,1.8723403,5.4198885,8.723995,5.01858,2.7679362,0.8197335,90.0,60
819,2.7386088,4.843808,8.721185,4.419976,2.7015517,0.78943104,90.0,60
820,13.873319,10.351083,1.8127494,3.1268356,4.8151183,6.2675242,104.0,60
821,14.566772,10.027131,0.8221551,1.6937068,5.0838203,5.8039746,90.0,60
822,2.010681,5.249414,9.128235,5.025518,2.9070833,1.0640974,90.0,60
823,2.168328,5.0740194,9.39394,4.8332653,3.2610729,1.2440183,90.0,60
824,14.507961,10.040055,1.0113337,1.8830122,5.063558,5.821936,90.0,60
825,2.326895,5.3683777,8.078525,4.963798,2.1781332,0.50494045,77.0,60
826,-10.342684,15.380235,0.5706815,-0.8903607,9.235855,6.9764147,0.0,61
827,2.4758673,5.13783,9.157177,4.5409966,3.4361668,1.088806,90.0,61
828,-10.327777,15.365308,0.5856056,-0.87543726,9.220932,6.961489,0.0,61
829,-10.257394,15.294925,0.6559919,-0.8050498,9.1505375,6.8911066,0.0,61
830,2.2088535,5.22954,8.219749,4.751718,2.261673,0.40184066,90.0,61
831,2.0887792,5.298264,9.249582,5.498095,2.5439913,1.2284348,63.0,61
832,13.939036,10.905737,1.4025058,2.6643543,4.639334,5.5078454,94.0,61
833,2.9640934,4.9592066,8.288501,4.4183254,2.5803905,0.7003101,71.0,61
834,2.2237206,5.3521466,7.9202704,4.8105416,2.0097315,0.3183068,82.0,61
835,2.499465,5.0489197,9.079224,5.052471,2.6010427,1.2558843,58.0,61
836,2.69897,5.3606763,7.6960273,5.2209845,1.8854597,0.36010662,87.0,61
837,2.724785,5.521423,7.692032,5.368757,1.8482087,0.46032065,68.0,61
838,-10.178474,15.215983,0.7349328,-0.72611004,9.0716,6.8121676,0.0,61
839,2.6488364,5.4469795,7.820724,5.404755,1.691981,0.6632501,63.0,61
840,2.291651,5.0677505,9.247823,5.1597986,2.3969676,1.159518,75.0,61
841,13.363122,10.891404,1.3247049,3.0777466,4.52681,5.3997846,90.0,61
842,14.991648,9.151841,1.6644198,1.704292,5.5648685,6.9757876,104.0,62
843,14.76078,9.432777,1.5820969,2.0608413,5.3752537,6.986754,104.0,62
844,13.520263,10.669974,1.4948361,3.0854032,4.6185064,5.6370354,90.0,62
845,16.088161,5.404013,-0.13637239,1.9815361,6.0657434,10.465375,105.0,62
846,14.2422905,9.74325,1.7301401,2.7959862,5.107537,6.6363115,101.0,62
847,14.354887,9.877293,1.9353998,2.800516,5.0919476,6.573931,104.0,62
848,14.58614,8.333844,2.3772528,2.9383101,5.6893563,8.060781,118.0,62
849,14.871349,9.639764,1.4972234,1.8233992,5.3187556,6.425256,98.0,62
850,14.090878,10.203046,1.8561916,3.004059,4.922885,6.433969,104.0,62
851,14.489912,8.399138,1.3919272,2.0724022,5.6761193,7.2999334,104.0,62
852,14.287241,8.2639885,0.9676079,1.9517217,5.7433624,6.7132463,90.0,62
853,14.3511,10.488121,0.14212818,1.4922848,4.877642,5.588,90.0,62
854,14.900695,8.492387,2.049489,1.9759632,5.7970595,7.6021004,112.0,62
855,13.8780985,10.104028,1.4280921,2.8973153,4.8833447,6.2423964,98.0,62
856,13.844924,6.978495,0.92144877,2.1552489,6.00592,6.935251,90.0,62
857,14.217263,8.925467,1.2286478,2.3791525,5.3818893,6.3711643,90.0,62
858,14.339806,9.238015,2.1512935,3.0543294,5.311992,7.4446087,118.0,63
859,14.138165,10.68965,1.4330615,2.464936,4.752188,5.470849,90.0,63
860,1.9940647,5.3426175,8.918771,4.8794117,3.0876215,0.94086766,90.0,63
861,2.371072,5.026911,9.3299885,4.684035,3.3520145,1.1185753,90.0,63
862,14.358564,6.81107,1.7676969,2.4542332,6.2755466,7.9380116,104.0,63
863,14.199111,7.2278767,2.1917965,3.3183498,5.9658437,8.509954,118.0,63
864,14.320654,9.457744,0.6611808,1.9540193,5.190826,6.0244164,90.0,63
865,15.138408,6.9885726,0.2079201,3.2376297,6.424179,10.245839,112.0,63
866,14.351419,7.640078,0.62843806,3.1372275,6.4074717,10.310132,107.0,63
867,14.298801,7.5473127,1.9483066,2.7366445,6.3700833,10.005222,126.0,63
868,14.40627,8.157413,0.1421676,0.91838837,5.8998733,6.9922385,90.0,63
869,14.737027,7.3844075,0.4011749,3.3110092,6.3661003,10.234976,105.0,63
870,14.444595,7.73683,0.9951409,3.2494822,6.19645,10.006645,116.0,63
871,15.067599,7.12503,0.16034971,3.2816527,6.405413,10.277222,112.0,63
872,14.460838,9.067952,2.1082516,2.9233556,5.426804,7.780177,118.0,63
873,14.825934,8.897198,1.87703,2.1423807,5.603486,6.825439,99.0,63
874,14.143688,7.835613,1.6484159,2.6872082,5.7398624,7.1250863,98.0,64
875,14.707751,8.9175,1.7730662,2.237733,5.582637,7.2315187,104.0,64
876,14.368594,7.9027815,2.240051,3.1715174,5.7608113,7.8363485,111.0,64
877,14.465653,7.863847,1.9881142,2.5635483,5.873795,7.436992,104.0,64
878,13.99896,10.354524,0.66598165,2.2590258,4.8071423,5.600374,90.0,64
879,14.95755,9.265167,1.5964442,1.707771,5.51097,6.9376917,104.0,64
880,14.728448,9.723601,1.8618275,2.255135,5.2545924,6.395379,104.0,64
881,14.761364,8.875708,2.1501899,2.420638,5.578799,7.7090797,118.0,64
882,14.934891,9.3030615,1.8606551,2.0040624,5.474523,6.6226344,99.0,64
883,14.667217,9.675896,1.8886079,2.3972232,5.250071,6.6980944,104.0,64
884,14.578641,8.158849,0.4569917,0.7654003,5.8565164,7.1994543,99.0,64
885,14.74346,9.596715,1.7753953,2.1875334,5.295823,6.385792,97.0,64
886,13.755467,6.7621484,1.0992167,2.5179706,6.013996,7.1233263,90.0,64
887,15.078881,8.894929,1.5298647,1.341195,5.696844,7.0986953,104.0,64
888,14.414727,9.503889,2.0144083,2.8609018,5.2295747,7.0657916,109.0,64
889,14.356458,9.2135515,0.8438934,2.0503328,5.2989902,6.4303627,94.0,64
890,14.442875,7.6693163,1.8129662,2.2434528,5.940866,7.3687983,104.0,65
891,14.25819,8.452764,0.92192835,1.8466167,5.815085,7.591895,99.0,65
892,14.633941,9.194959,1.8851384,2.495854,5.417059,7.482073,112.0,65
893,14.589087,7.4415345,1.8751122,1.9075007,6.076702,7.497636,104.0,65
894,14.389331,8.050458,1.5185097,2.2523284,5.7665176,6.9266143,97.0,65
895,14.410004,9.388631,2.0485456,2.8770878,5.2811975,7.389622,118.0,65
896,14.212061,7.1172795,2.0235426,3.100037,5.977175,7.984608,112.0,65
897,14.933149,8.840264,1.0833051,1.1097976,5.722983,7.055608,98.0,65
898,14.322439,5.8833766,2.1166317,3.0170488,6.4035306,8.95052,132.0,65
899,14.745754,8.638123,1.8198094,2.169667,5.774877,7.403719,104.0,65
900,14.633853,9.117604,-0.0029701714,0.6512747,5.570183,6.49246,90.0,65
901,14.440604,10.145279,1.7714046,2.490745,5.0183635,6.0635414,98.0,65
902,14.594132,7.3271027,2.073711,2.153816,6.166845,8.04277,112.0,65
903,15.03359,8.694133,1.4935657,1.3077077,5.766187,7.0970054,101.0,65
904,14.533629,7.0305023,2.1417117,2.3563275,6.294772,8.735948,124.0,65
905,13.92151,8.292997,1.020924,2.2627873,5.820899,8.042388,102.0,65
906,13.896001,8.491117,1.3701621,2.9773183,5.487603,7.178881,96.0,66
907,14.223318,8.726746,0.11175125,1.4428389,5.610504,6.7660604,90.0,66
908,14.65603,6.653526,0.89036787,2.0030355,6.3968916,8.336712,104.0,66
909,14.702753,8.356319,2.1191576,2.2025752,5.866487,8.258314,118.0,66
910,14.160146,10.201978,1.7863791,2.9570172,4.9960003,6.591365,104.0,66
911,16.133303,5.2023516,-0.14228228,1.8731791,6.1160913,10.607713,118.0,66
912,14.43642,5.9676723,1.1838382,2.4353383,6.802234,9.315893,118.0,66
913,14.335879,9.16779,0.576892,1.6348815,5.469124,7.5569134,104.0,66
914,14.611758,8.02741,1.9354447,1.9609648,6.008732,8.464993,118.0,66
915,14.482287,8.70524,1.7597376,2.5872436,5.7230253,7.8938756,106.0,66
916,14.475171,8.70942,2.345361,3.1126258,5.514767,7.914164,125.0,66
917,13.967575,6.585799,1.2780282,2.4361835,6.2131896,7.6953645,97.0,66
918,14.499977,7.277491,1.3280839,1.691533,6.117289,7.685158,104.0,66
919,14.357847,7.937896,1.967305,2.1593094,6.175276,8.770013,112.0,67
920,14.166172,8.17357,1.154995,2.2100997,5.856011,7.8822236,101.0,67
921,13.933662,6.7788186,0.85912853,1.5863196,6.267279,7.3266487,90.0,67
922,14.32108,7.5467863,2.3063104,3.2458997,5.882912,8.186905,116.0,67
923,14.061038,7.7331176,0.47074693,1.3370526,6.0064087,7.143378,90.0,67
924,14.298829,7.5336266,2.2718692,3.2960532,5.801099,8.368017,119.0,67
925,14.475389,7.9915986,2.3360038,3.109794,5.8197103,8.309577,118.0,67
926,14.21135,6.2994742,2.013145,2.8540852,6.3500404,8.538678,116.0,67
927,14.711222,8.925282,1.1051558,1.5212698,5.7408314,7.3186975,99.0,67
928,14.327091,8.89131,1.8853436,2.894349,5.4707084,7.7220817,111.0,67
929,14.095279,7.2986207,1.8026493,2.6308188,6.0267973,7.6190524,104.0,67
930,14.103013,7.079754,2.0394168,2.7925205,6.1214185,7.6789703,104.0,67
931,13.732264,7.6668534,1.2417866,2.5598161,6.12045,8.463547,104.0,67
932,13.859916,6.841389,1.5968921,2.7593684,6.158708,7.6630487,101.0,68
933,14.012882,8.318109,0.41376203,2.0605152,5.7253313,7.2206454,94.0,68
934,14.477155,8.395576,1.8578812,2.646938,5.781298,7.747886,104.0,68
935,14.21908,7.7915063,1.90592,2.7780535,6.224681,9.578895,118.0,68
936,14.10132,7.3176293,2.167113,2.710409,6.2624784,8.196652,106.0,68
937,14.506557,7.382723,2.1723602,3.1161342,6.1379004,9.760595,133.0,68
938,13.542943,7.2210736,0.97435665,2.4953198,6.186949,8.112578,97.0,68
939,13.673676,8.21983,0.7367101,2.1035876,6.1879134,8.814488,97.0,68
940,14.370379,6.9461555,2.1753864,2.9257693,6.2039247,9.348667,126.0,68
941,14.231486,5.9396534,1.9548603,2.995578,6.4619575,9.028075,126.0,68
942,13.862757,7.9597626,1.4470497,3.0839622,5.760816,7.8690825,104.0,68
943,14.230606,7.5136027,2.0150628,2.3147244,6.364916,8.994781,113.0,68
944,14.114776,6.0384555,1.5099628,2.7314246,6.5932765,8.970156,112.0,68
945,14.38888,8.043585,2.0724168,2.5250921,6.104456,8.671018,112.0,68
946,13.90132,7.617166,1.4327488,2.1646304,6.3135595,9.366875,110.0,68
947,14.013843,8.348139,1.0597564,2.6342137,6.0917864,9.783929,113.0,68
948,14.373601,7.1969867,1.5678605,2.7799416,6.59379,9.81468,118.0,69
949,14.095788,8.434889,1.3563766,2.8106754,5.9572535,8.711129,104.0,69
950,14.218787,7.1736674,1.9349935,2.2679057,6.6401443,9.499841,116.0,69
951,14.212015,8.361544,1.5811533,2.7612686,5.882409,8.884712,112.0,69
952,13.644875,7.290729,1.4467194,2.646041,6.444796,9.211845,108.0,69
953,14.112104,6.9906683,1.7445067,2.556261,6.780765,9.95735,118.0,69
954,13.429963,7.377509,1.1958722,2.6273699,6.4899216,9.330765,104.0,69
955,13.976802,5.808072,1.6350216,2.746391,6.397851,8.03098,101.0,69
956,13.849006,8.641806,0.50575554,2.3022432,6.081516,9.461975,101.0,69
957,13.735667,6.804212,1.4766612,2.4578218,6.5780826,8.879666,106.0,69
958,14.161767,8.214129,1.6194506,3.0495956,5.878729,8.547248,108.0,69
959,13.945668,7.7111754,1.7930061,2.4820623,6.330437,9.378466,112.0,69
960,14.844802,7.040909,0.6302851,2.3941975,6.313446,8.667044,104.0,69
961,14.201454,7.7506585,1.8296857,3.0878537,6.1478143,9.254517,115.0,69
962,14.0070095,7.528711,1.5660573,2.2405982,6.5439806,10.285699,118.0,69
963,14.36396,5.761758,-0.46282718,2.1823475,7.6015277,11.63192,104.0,69
964,14.753775,5.5942464,-0.38413382,2.1929984,7.7090735,11.291873,101.0,70
965,15.818668,5.1067395,-0.14105974,2.187775,6.695889,10.946383,146.0,70
966,15.493356,5.1818385,-0.10936529,2.1030412,7.287419,9.949922,98.0,70
967,14.94806,5.1800637,-0.12074361,2.2452865,7.660024,11.151912,121.0,70
968,15.267628,5.380397,-0.14403717,2.568684,7.394183,10.852262,122.0,70
969,15.815278,5.2549043,-0.1869225,2.347171,6.977481,10.091066,109.0,70
970,15.605872,5.267111,-0.20288488,2.2826624,7.1912527,10.006389,101.0,70
971,15.12818,5.2561655,0.052192453,2.373338,7.587255,10.942846,124.0,70
972,14.124261,6.801714,-0.67264396,3.124603,7.052303,12.214533,102.0,70
973,14.633935,5.1718845,-0.083930664,1.8069708,7.836518,10.869559,104.0,70
974,15.045948,6.541449,-0.43161628,3.4175653,6.850841,11.928283,125.0,70
975,15.236085,6.035122,-0.2810846,3.0861192,7.0842543,11.262385,118.0,70
976,15.174031,6.1252136,-0.39004984,3.1565578,7.0648627,11.438602,116.0,70
977,14.59535,5.285618,-0.38049147,1.9763514,7.7377806,11.319184,108.0,70
978,14.637346,6.5852456,0.59810895,3.2102048,6.819879,12.100231,150.0,70
979,13.867535,10.6004925,1.2566062,2.8128538,4.721973,5.9497557,101.0,70
980,13.943265,10.6376705,-0.057817042,1.9499983,4.657188,5.526969,90.0,72
981,13.77876,9.121045,0.5089865,2.385059,5.21284,6.436359,90.0,72
982,13.764082,10.350516,0.64209384,2.5379198,4.852675,6.3030925,94.0,72
983,13.182365,10.929649,1.2458786,3.2904396,4.4291406,5.4238763,90.0,72
984,13.53376,10.454596,0.07523755,2.3642795,4.671843,5.706418,90.0,72
985,13.622759,9.652486,0.46168408,2.5317254,4.971315,6.0396647,90.0,72
986,13.812573,11.092107,0.94679797,2.5052352,4.522713,5.2517986,90.0,72
987,13.440131,11.155928,1.564088,3.2318687,4.3735385,5.416739,90.0,72
988,14.476025,9.460156,1.378186,2.208818,5.274235,7.3167925,112.0,72
989,13.590364,10.248417,0.063047186,2.308862,4.7642555,5.732517,90.0,72
990,13.783614,10.115812,0.94585323,2.6443555,4.84013,5.8097,90.0,72
991,13.023314,10.798288,1.2648002,3.243712,4.586205,5.337348,90.0,72
992,13.652454,8.044225,1.1430465,2.9844506,5.51069,6.965726,101.0,72
993,13.184676,10.701992,1.523608,3.4008179,4.5434046,5.6017857,90.0,72
994,13.493537,10.61746,0.6442809,2.7070045,4.620218,5.4704657,90.0,72
995,2.3093827,5.0728354,8.968452,4.63679,3.66528,0.6992888,90.0,72
996,14.072104,10.501882,0.37176713,1.99174,4.772234,5.2977586,90.0,73
997,14.001205,10.814882,0.36984485,2.0241523,4.6235514,5.274806,90.0,73
998,13.77944,10.900855,1.6321017,2.9666111,4.6070867,5.5452876,99.0,73
999,2.23187,5.711985,8.087768,5.6553416,2.0967965,0.7202248,64.0,73
1000,2.4707074,5.5294123,7.800654,5.398188,1.8576704,0.5859549,68.0,73
1001,2.1464205,5.089819,8.083844,4.2776523,3.1396313,0.2606018,90.0,73
1002,2.193722,5.7148795,8.310649,5.531702,2.468478,0.9844472,61.0,73
1003,2.1115448,5.0676107,8.547983,4.382605,3.3338246,0.37048942,90.0,73
1004,2.3158033,5.4106526,8.269521,5.242499,2.0312896,0.7700155,75.0,73
1005,2.1099522,5.2950187,8.267828,4.603249,2.971257,0.39964783,90.0,73
1006,2.1919115,5.598782,8.451709,5.4334507,2.6524568,1.0949721,70.0,73
1007,13.760565,10.924798,1.6404845,2.9765997,4.601256,5.522344,90.0,73
1008,2.502393,5.0026064,8.352772,4.265372,2.6758685,0.35140994,90.0,73
1009,2.1054661,5.564533,8.504712,5.5574923,2.3254976,1.0046339,67.0,73
1010,2.2719874,5.1484404,9.048015,4.4055595,3.741386,0.8980108,90.0,73
1011,2.411307,5.3822813,8.254,5.079468,2.2901206,0.8046043,67.0,73
1012,2.259522,5.1189203,8.524932,4.2420197,3.4175825,0.26496345,104.0,74
1013,2.4605925,4.991998,8.602911,4.462112,2.6489651,0.5925506,101.0,74
1014,2.5055618,5.146939,8.34687,4.177844,3.4047074,0.37853152,90.0,74
1015,1.9750409,5.203331,9.112573,4.7602406,3.6042032,0.9265658,90.0,74
1016,2.0006912,5.5581083,8.847072,5.4389014,2.5791025,1.1295165,67.0,74
1017,14.061017,8.694773,0.46204215,1.9923342,5.4588118,6.591198,90.0,74
1018,2.0632536,5.4760637,8.886174,5.5184946,2.4851532,1.1728251,63.0,74
1019,2.1630719,5.3290715,9.108841,5.4098315,2.4735682,1.2731196,78.0,74
1020,2.024524,5.187084,8.670009,4.5643935,3.424164,0.7625624,90.0,74
1021,1.967143,5.281356,8.419382,4.6595697,2.6084101,0.4230997,90.0,74
1022,2.0114188,5.2184014,9.045054,4.7144065,3.4950924,0.94189334,90.0,74
1023,2.0874074,5.084126,8.486214,4.5597024,2.3900497,0.44395152,90.0,74
1024,2.157957,5.4445724,8.82047,5.243588,2.9748898,1.0920986,63.0,74
1025,2.26175,5.262576,8.006627,4.4781046,2.8238564,0.23031506,90.0,74
1026,14.507712,10.218634,-0.47260022,0.5806735,5.0183616,5.949844,90.0,74
1027,2.4496448,5.508432,7.846822,5.3804154,1.864431,0.4792108,70.0,74
1028,13.741251,5.9617076,0.8218602,2.3237891,6.2005467,7.446635,82.0,75
1029,2.7638953,5.5239606,7.6117573,4.8613243,2.165107,0.5312834,63.0,75
1030,1.9455092,5.101667,8.922852,4.668558,3.4667058,0.65490425,90.0,75
1031,13.509449,10.552219,-0.013017631,2.2423751,4.6361656,5.4375243,90.0,75
1032,2.1290567,5.584283,8.40961,5.531564,2.3274624,0.86063504,67.0,75
1033,2.6463404,5.0332494,8.417033,4.0371137,3.3070703,0.48073587,90.0,75
1034,2.377489,5.6917677,7.982144,5.5240927,2.09687,0.79485226,58.0,75
1035,2.861338,4.8755875,8.671373,4.476209,2.7681355,0.89251703,90.0,75
1036,13.619911,8.327562,0.9646985,2.8372982,5.4171453,6.650008,90.0,75
1037,2.5987833,5.0363946,8.256357,4.048219,3.3502939,0.24141492,90.0,75
1038,14.4652,9.481725,-0.5176307,0.614847,5.076547,6.394405,90.0,75
1039,2.4148307,5.261081,8.169492,5.1297226,1.8443991,0.6882833,70.0,75
1040,13.989851,11.0197525,0.62659127,2.126746,4.6040893,5.248953,90.0,75
1041,13.768768,10.7325945,-0.2983994,1.7392297,4.7067666,5.678264,90.0,75
1042,13.364856,11.010837,1.5131509,3.2207685,4.4853,5.3900247,90.0,75
1043,14.233844,10.436543,0.15105066,1.7293098,4.8496504,5.523825,90.0,75
1044,13.91669,10.020207,1.687377,3.0720675,4.9466925,6.6209984,108.0,76
1045,13.826868,10.2502365,1.6614888,3.1186168,4.8339505,6.340605,101.0,76
1046,13.864382,10.150756,0.02139554,2.005326,4.865913,5.764823,90.0,76
1047,13.277855,10.963413,1.2478054,3.2312374,4.3924885,5.5772834,90.0,76
1048,13.609113,10.947508,1.0004764,2.742991,4.518049,5.4872775,90.0,76
1049,13.830381,10.617506,-0.04027487,1.9952823,4.697018,5.5707645,90.0,76
1050,13.250226,10.337065,0.27982265,2.680044,4.636137,5.5914593,90.0,76
1051,2.1914248,5.0313168,9.175616,4.6059995,3.8165736,0.8262269,90.0,76
1052,14.543074,9.337905,1.1832974,2.066167,5.3002157,6.442716,96.0,76
1053,13.399371,10.709879,1.224848,3.0854988,4.527017,5.763079,90.0,76
1054,13.166245,10.806678,1.0008242,3.0872328,4.5360546,5.4261827,90.0,76
1055,14.49957,9.015427,-0.44371942,0.2512013,5.575143,6.503724,71.0,76
1056,13.546291,9.878073,0.058914147,2.3090358,4.894902,5.947938,90.0,76
1057,13.973585,11.0045805,0.79705393,2.3019748,4.581184,5.1883187,90.0,76
1058,14.171738,10.6765585,0.46211797,1.9177233,4.7148585,5.198234,90.0,76
1059,14.249889,8.105327,1.4525524,1.9486274,5.8845286,8.928014,115.0,76
1060,14.070439,10.132737,-0.6629273,1.1393697,4.974029,6.216036,90.0,77
1061,13.720918,7.183256,0.46938112,1.9493546,5.94571,7.0613747,90.0,77
1062,13.986437,8.226007,-0.38540238,0.84176975,5.6637626,7.1382594,91.0,77
1063,14.211999,9.831964,-0.5901778,1.014312,5.1866984,6.585992,90.0,77
1064,14.483551,10.049648,-0.6567026,0.41865215,5.094151,6.2329054,90.0,77
1065,14.385952,9.480745,-0.13874285,1.1865559,5.232453,6.274728,90.0,77
1066,13.692485,10.753888,0.32277426,2.2952416,4.611025,5.3247895,90.0,77
1067,2.571242,5.447791,7.8183637,5.0421743,1.9802115,0.569808,71.0,77
1068,14.319748,7.461884,0.16691688,0.84651256,6.0669055,7.201997,88.0,77
1069,14.060924,5.6657267,1.3044158,2.6635594,6.4564843,7.973267,101.0,77
1070,14.316457,10.23188,-0.5900342,0.79150957,5.0369925,6.1677322,90.0,77
1071,13.8155365,8.68839,0.28329897,1.9808824,5.413992,7.4726424,99.0,77
1072,14.41403,9.947283,-0.5414147,0.8069186,5.082853,6.2186623,90.0,77
1073,13.295302,10.048379,0.44797558,2.7821362,4.7733603,5.7638273,90.0,77
1074,14.515684,7.65736,1.5971186,1.8122393,5.9818716,7.5694757,105.0,77
1075,14.738201,7.4139915,1.7882066,1.7384101,6.1251707,7.711338,106.0,78
1076,14.45588,7.22219,2.080184,2.2692442,6.1848073,7.8039513,105.0,78
1077,13.880924,6.7875834,1.4342384,2.4361806,6.203672,7.4843493,97.0,78
1078,14.314695,9.0695,0.1253927,1.4959636,5.4191666,6.4463787,90.0,78
1079,14.536228,9.604668,0.637574,1.6261678,5.2881904,6.82105,98.0,78
1080,14.3691,8.730014,1.0097594,2.0076435,5.534663,6.3458962,90.0,78
1081,14.913213,8.425598,1.1082516,0.9855992,5.8466754,7.1901574,99.0,78
1082,14.305791,9.079487,0.38929263,1.6349566,5.571727,6.7628226,90.0,78
1083,14.310738,7.2955494,1.6580399,2.123431,6.0510035,7.2881174,98.0,78
1084,14.855468,9.337552,1.5368026,1.8599634,5.4597645,6.885373,102.0,78
1085,14.545376,7.267883,2.3880818,3.0638206,6.0786777,8.965758,126.0,78
1086,13.898328,9.45088,1.1828616,2.7771888,5.1125045,6.558864,97.0,78
1087,15.099442,8.873238,1.6807421,1.4460222,5.6862993,7.1011324,104.0,78
1088,14.639289,9.395262,0.5270187,1.3597696,5.3640347,6.2605205,90.0,78
1089,14.726735,9.173351,1.8484048,2.306381,5.452163,7.032044,104.0,78
1090,14.487118,6.878729,2.106522,3.260916,6.242506,9.627056,143.0,78
1091,14.421308,6.4741597,2.1794758,3.2348526,6.2724304,9.288626,143.0,79
1092,15.049134,8.471246,1.7627454,1.4215766,5.8393164,7.382175,112.0,79
1093,14.859234,8.603046,2.0651486,2.2405248,5.7273517,7.189963,104.0,79
1094,14.574107,9.413742,1.4196712,2.1723151,5.4035664,7.2911134,104.0,79
1095,14.374487,8.135766,1.9231374,2.8252492,5.79109,7.4423566,99.0,79
1096,14.5342,7.952019,2.3816268,3.077826,5.8076468,8.580438,122.0,79
1097,14.360525,8.051315,2.1062129,3.0951705,5.8821793,8.409023,112.0,79
1098,14.49392,7.6234245,2.285274,3.0738125,6.0811796,9.193445,126.0,79
1099,14.500353,8.236173,0.21807875,1.4302093,5.8552876,6.9390078,90.0,79
1100,14.71878,8.609285,0.52526987,0.8808642,5.746715,6.990469,97.0,79
1101,14.148682,7.083078,2.1503608,2.9281285,6.1352096,7.9698358,108.0,79
1102,16.178497,5.290752,-0.24443308,1.8195044,6.192976,10.431339,107.0,79
1103,14.617811,8.590342,1.4655255,2.060364,5.7143874,6.877322,97.0,79
1104,13.753079,6.6449404,1.380845,2.6842952,6.307114,8.028403,102.0,79
1105,14.707778,8.451864,2.067457,2.542264,5.8215694,7.5821323,106.0,79
1106,13.809218,8.031836,0.0068215337,1.2141421,5.9487667,7.6133204,92.0,79
1107,14.330233,8.460568,1.8922514,2.9883578,5.676848,7.777151,106.0,80
1108,14.158573,8.64443,1.5687375,2.8425717,5.543031,7.6945868,106.0,80
1109,14.416302,7.9818497,1.8241988,2.0250366,6.129276,8.66724,111.0,80
1110,14.397012,7.2391744,1.7862331,2.6878173,6.0500107,7.7318554,108.0,80
1111,14.370343,8.279738,2.0992498,3.0904224,5.7253304,8.002276,112.0,80
1112,14.184717,9.846755,1.8399273,2.9832256,5.0921626,6.847076,104.0,80
1113,14.077001,6.955212,1.9763976,2.636666,6.26837,7.910151,105.0,80
1114,14.020342,7.0266037,1.8690035,2.6446013,6.1422367,7.5094147,97.0,80
1115,14.415736,7.999469,1.9169396,2.5644302,5.8421087,7.278321,100.0,80
1116,14.538094,8.967663,1.4538541,2.1811743,5.652857,7.857483,107.0,80
1117,14.09279,10.284977,0.48071262,2.0768824,4.916618,5.955884,90.0,80
1118,14.481033,7.9205313,2.0911024,2.3633754,6.0909395,8.810377,116.0,80
1119,14.16037,9.763079,1.341532,2.6759148,5.160477,6.9509387,98.0,80
1120,14.050997,6.594983,1.9259077,2.8875587,6.185656,7.7923346,104.0,80
1121,13.95282,7.2539625,1.8328272,2.405809,6.342194,8.31294,104.0,80
1122,14.340522,7.256154,1.4529943,2.4984107,6.686711,9.567748,112.0,80
1123,13.60881,7.106029,1.2898918,2.5416365,6.902935,10.555279,112.0,81
1124,13.506753,8.285026,0.50134397,2.3951485,6.426636,10.061921,102.0,81
1125,14.346421,7.6038423,1.7079531,3.0974207,6.2198644,10.183436,126.0,81
1126,14.367258,7.0218153,0.82950836,3.338697,6.6729145,10.926898,119.0,81
1127,14.149788,7.426851,0.878366,2.991686,6.600794,10.37919,111.0,81
1128,13.541827,8.035274,0.72419393,2.3683684,6.521724,9.814888,104.0,81
1129,14.3601885,6.6923757,1.5854745,3.0777452,6.675647,10.166978,126.0,81
1130,14.232396,6.5965166,1.9039273,2.4154944,6.707526,9.426906,118.0,81
1131,13.808254,7.069481,1.4999347,2.5120237,6.488651,8.701044,104.0,81
1132,13.6498785,7.375568,0.5895154,3.1743422,6.688358,11.167903,112.0,81
1133,13.414227,8.205868,0.30441344,2.1525896,6.518113,9.981911,97.0,81
1134,14.023272,6.045434,1.1659745,2.4954555,7.094464,9.991893,112.0,81
